Fecha,Valor
10/8/2021,"1,236.31"
9/8/2021,"1,229.44"
6/8/2021,"1,226.59"
5/8/2021,"1,227.35"
4/8/2021,"1,240.84"
3/8/2021,"1,235.53"
2/8/2021,"1,236.03"
30/07/21,"1,236.73"
29/07/21,"1,245.86"
28/07/21,"1,243.13"
27/07/21,"1,249.61"
26/07/21,"1,256.31"
23/07/21,"1,254.24"
22/07/21,"1,251.87"
21/07/21,"1,250.71"
19/07/21,"1,238.12"
16/07/21,"1,272.49"
15/07/21,"1,273.21"
14/07/21,"1,284.44"
13/07/21,"1,293.76"
12/7/2021,"1,298.44"
27/05/21,"1,182.18"
26/05/21,"1,190.78"
25/05/21,"1,203.80"
24/05/21,"1,227.68"
21/05/21,"1,244.08"
20/05/21,"1,254.62"
19/05/21,"1,265.64"
18/05/21,"1,268.14"
14/05/21,"1,289.75"
13/05/21,"1,262.29"
12/5/2021,"1,285.33"
11/5/2021,"1,292.14"
10/5/2021,"1,311.73"
7/5/2021,"1,281.93"
6/5/2021,"1,266.56"
5/5/2021,"1,240.04"
4/5/2021,"1,217.67"
3/5/2021,"1,216.62"
30/04/21,"1,260.88"
29/04/21,"1,278.00"
28/04/21,"1,286.16"
27/04/21,"1,293.15"
26/04/21,"1,286.57"
23/04/21,"1,282.21"
22/04/21,"1,296.07"
21/04/21,"1,305.14"
20/04/21,"1,311.39"
19/04/21,"1,312.62"
16/04/21,"1,317.08"
15/04/21,"1,321.80"
14/04/21,"1,320.96"
13/04/21,"1,312.55"
12/4/2021,"1,317.76"
9/4/2021,"1,322.11"
8/4/2021,"1,325.93"
7/4/2021,"1,335.89"
6/4/2021,"1,324.35"
5/4/2021,"1,323.97"
31/03/21,"1,316.81"
30/03/21,"1,327.32"
29/03/21,"1,320.83"
26/03/21,"1,314.46"
25/03/21,"1,320.11"
24/03/21,"1,325.33"
23/03/21,"1,319.82"
19/03/21,"1,324.54"
18/03/21,"1,325.59"
17/03/21,"1,343.56"
16/03/21,"1,350.14"
15/03/21,"1,356.98"
12/3/2021,"1,353.68"
11/3/2021,"1,350.35"
10/3/2021,"1,343.53"
9/3/2021,"1,341.73"
8/3/2021,"1,336.98"
5/3/2021,"1,344.72"
4/3/2021,"1,337.12"
3/3/2021,"1,347.22"
2/3/2021,"1,350.04"
1/3/2021,"1,355.70"
25/02/21,"1,358.03"
24/02/21,"1,370.75"
23/02/21,"1,355.24"
22/02/21,"1,352.21"
19/02/21,"1,352.57"
18/02/21,"1,353.68"
17/02/21,"1,366.29"
16/02/21,"1,363.17"
15/02/21,"1,369.39"
12/2/2021,"1,365.95"
11/2/2021,"1,367.79"
10/2/2021,"1,374.20"
9/2/2021,"1,380.29"
8/2/2021,"1,383.38"
5/2/2021,"1,370.46"
4/2/2021,"1,359.63"
3/2/2021,"1,359.03"
2/2/2021,"1,368.30"
1/2/2021,"1,357.16"
29/01/21,"1,348.12"
15/11/19,"13,290.88"
14/11/19,"13,188.00"
13/11/19,"13,243.71"
12/11/2019,"13,292.52"
8/11/2019,"13,336.81"
7/11/2019,"13,467.59"
6/11/2019,"13,484.14"
5/11/2019,"13,471.44"
1/11/2019,"13,359.16"
31/10/19,"13,272.19"
30/10/19,"13,263.00"
29/10/19,"13,271.05"
28/10/19,"13,200.31"
25/10/19,"13,214.44"
24/10/19,"13,136.80"
23/10/19,"13,048.51"
22/10/19,"13,129.34"
21/10/19,"12,992.31"
18/10/19,"12,833.16"
17/10/19,"12,855.02"
16/10/19,"12,879.15"
15/10/19,"12,858.59"
11/10/2019,"12,948.46"
10/10/2019,"12,874.43"
9/10/2019,"12,913.07"
8/10/2019,"12,903.95"
7/10/2019,"12,926.21"
4/10/2019,"12,945.26"
3/10/2019,"12,905.42"
2/10/2019,"12,778.89"
1/10/2019,"12,836.14"
30/09/19,"12,823.48"
27/09/19,"12,891.80"
26/09/19,"13,033.76"
25/09/19,"12,943.27"
24/09/19,"12,950.42"
23/09/19,"12,992.95"
20/09/19,"12,965.35"
19/09/19,"12,964.51"
18/09/19,"13,017.31"
17/09/19,"12,985.64"
16/09/19,"12,964.67"
13/09/19,"12,793.59"
12/9/2019,"12,914.88"
11/9/2019,"12,822.02"
10/9/2019,"12,748.65"
9/9/2019,"12,760.19"
6/9/2019,"12,699.79"
5/9/2019,"12,700.96"
4/9/2019,"12,686.37"
3/9/2019,"12,632.44"
2/9/2019,"12,615.17"
30/08/19,"12,607.50"
29/08/19,"12,534.90"
28/08/19,"12,455.81"
27/08/19,"12,392.43"
26/08/19,"12,323.84"
23/08/19,"12,188.57"
22/08/19,"12,367.43"
21/08/19,"12,539.15"
20/08/19,"12,600.77"
16/08/19,"12,539.26"
15/08/19,"12,391.30"
14/08/19,"12,390.30"
13/08/19,"12,625.01"
12/8/2019,"12,453.04"
9/8/2019,"12,537.63"
8/8/2019,"12,569.23"
6/8/2019,"12,328.00"
5/8/2019,"12,285.25"
2/8/2019,"12,604.27"
1/8/2019,"12,518.81"
31/07/19,"12,764.24"
30/07/19,"12,780.26"
29/07/19,"12,866.93"
26/07/19,"12,870.87"
25/07/19,"12,950.77"
24/07/19,"12,914.93"
23/07/19,"13,012.31"
22/07/19,"12,950.54"
19/07/19,"12,946.05"
18/07/19,"12,857.68"
17/07/19,"13,071.67"
16/07/19,"13,125.64"
15/07/19,"13,027.94"
12/7/2019,"13,026.06"
11/7/2019,"12,980.35"
10/7/2019,"12,995.80"
9/7/2019,"12,874.37"
8/7/2019,"12,848.47"
5/7/2019,"12,841.56"
4/7/2019,"12,730.79"
3/7/2019,"12,655.29"
2/7/2019,"12,523.04"
28/06/19,"12,606.12"
27/06/19,"12,600.74"
26/06/19,"12,604.92"
25/06/19,"12,658.72"
21/06/19,"12,554.19"
20/06/19,"12,627.77"
18/06/19,"12,461.45"
17/06/19,"12,251.92"
14/06/19,"12,276.09"
13/06/19,"12,302.13"
12/6/2019,"12,225.90"
11/6/2019,"12,228.69"
10/6/2019,"12,132.50"
7/6/2019,"12,205.48"
5/6/2019,"12,055.97"
4/6/2019,"12,142.78"
31/05/19,"12,054.85"
30/05/19,"12,079.05"
29/05/19,"12,062.86"
28/05/19,"11,878.01"
27/05/19,"12,048.82"
24/05/19,"12,143.72"
23/05/19,"12,000.92"
22/05/19,"12,146.27"
21/05/19,"12,223.63"
20/05/19,"12,102.69"
17/05/19,"12,237.24"
16/05/19,"12,259.65"
15/05/19,"12,280.21"
14/05/19,"12,291.59"
13/05/19,"12,363.24"
10/5/2019,"12,638.06"
9/5/2019,"12,606.89"
8/5/2019,"12,529.76"
7/5/2019,"12,436.49"
6/5/2019,"12,564.07"
3/5/2019,"12,574.25"
2/5/2019,"12,659.99"
30/04/19,"12,777.89"
29/04/19,"12,872.97"
26/04/19,"12,915.79"
25/04/19,"12,983.01"
24/04/19,"12,922.40"
23/04/19,"13,001.11"
22/04/19,"12,908.11"
17/04/19,"12,801.90"
16/04/19,"12,892.73"
15/04/19,"12,919.14"
12/4/2019,"13,111.73"
11/4/2019,"13,155.04"
10/4/2019,"13,275.96"
9/4/2019,"13,199.19"
8/4/2019,"13,236.15"
5/4/2019,"13,110.93"
4/4/2019,"13,043.49"
3/4/2019,"13,052.92"
2/4/2019,"13,019.35"
1/4/2019,"13,037.57"
29/03/19,"13,060.07"
28/03/19,"12,917.83"
27/03/19,"12,930.34"
26/03/19,"13,188.52"
22/03/19,"13,069.14"
21/03/19,"13,370.32"
20/03/19,"13,195.57"
19/03/19,"13,172.23"
18/03/19,"13,098.62"
15/03/19,"12,933.26"
14/03/19,"12,836.81"
13/03/19,"12,799.72"
12/3/2019,"12,610.84"
11/3/2019,"12,494.58"
8/3/2019,"12,332.18"
7/3/2019,"12,440.65"
6/3/2019,"12,450.09"
5/3/2019,"12,390.12"
4/3/2019,"12,354.03"
1/3/2019,"12,304.91"
28/02/19,"12,269.94"
27/02/19,"12,330.07"
26/02/19,"12,314.25"
25/02/19,"12,227.77"
22/02/19,"12,093.37"
21/02/19,"11,930.39"
20/02/19,"12,008.20"
19/02/19,"11,993.46"
18/02/19,"12,063.81"
15/02/19,"12,034.18"
14/02/19,"11,992.65"
13/02/19,"11,962.22"
12/2/2019,"11,940.86"
11/2/2019,"11,858.64"
8/2/2019,"11,895.63"
7/2/2019,"11,942.64"
6/2/2019,"12,072.30"
5/2/2019,"12,120.07"
4/2/2019,"12,009.34"
1/2/2019,"11,898.61"
31/01/19,"11,943.06"
30/01/19,"11,876.29"
29/01/19,"11,808.49"
28/01/19,"11,750.98"
25/01/19,"11,729.12"
24/01/19,"11,724.12"
23/01/19,"11,640.13"
22/01/19,"11,702.17"
21/01/19,"11,674.29"
18/01/19,"11,644.62"
17/01/19,"11,630.11"
16/01/19,"11,656.46"
15/01/19,"11,645.69"
14/01/19,"11,605.59"
11/1/2019,"11,621.44"
10/1/2019,"11,628.48"
9/1/2019,"11,605.60"
8/1/2019,"11,465.19"
4/1/2019,"11,417.25"
3/1/2019,"11,342.93"
2/1/2019,"11,171.95"
28/12/18,"11,139.27"
27/12/18,"11,172.19"
26/12/18,"11,123.01"
24/12/18,"10,908.20"
21/12/18,"11,013.71"
20/12/18,"11,071.83"
19/12/18,"11,318.22"
18/12/18,"11,361.04"
17/12/18,"11,396.00"
14/12/18,"11,538.49"
13/12/18,"11,613.43"
12/12/2018,"11,686.00"
11/12/2018,"11,662.22"
10/12/2018,"11,718.41"
7/12/2018,"11,853.53"
6/12/2018,"11,834.46"
5/12/2018,"12,057.84"
4/12/2018,"11,977.70"
3/12/2018,"12,033.77"
30/11/18,"11,943.14"
29/11/18,"11,994.61"
28/11/18,"11,945.35"
27/11/18,"11,984.89"
26/11/18,"12,019.01"
23/11/18,"11,914.29"
22/11/18,"12,006.64"
21/11/18,"12,048.66"
20/11/18,"12,022.19"
19/11/18,"12,233.81"
16/11/18,"12,326.14"
15/11/18,"12,326.61"
14/11/18,"12,182.05"
13/11/18,"12,083.09"
9/11/2018,"12,355.36"
8/11/2018,"12,405.47"
7/11/2018,"12,387.54"
6/11/2018,"12,193.30"
2/11/2018,"12,144.94"
1/11/2018,"12,177.34"
31/10/18,"12,494.27"
30/10/18,"12,439.83"
29/10/18,"12,422.86"
26/10/18,"12,430.61"
25/10/18,"12,421.76"
24/10/18,"12,278.34"
23/10/18,"12,405.80"
22/10/18,"12,494.09"
19/10/18,"12,465.62"
18/10/18,"12,513.10"
17/10/18,"12,606.14"
16/10/18,"12,462.53"
12/10/2018,"12,345.75"
11/10/2018,"12,276.75"
10/10/2018,"12,395.29"
9/10/2018,"12,507.14"
8/10/2018,"12,456.48"
5/10/2018,"12,428.43"
4/10/2018,"12,527.43"
3/10/2018,"12,585.65"
2/10/2018,"12,499.54"
1/10/2018,"12,567.97"
28/09/18,"12,464.06"
27/09/18,"12,378.50"
26/09/18,"12,317.89"
25/09/18,"12,383.16"
24/09/18,"12,359.70"
21/09/18,"12,235.71"
20/09/18,"12,206.60"
19/09/18,"12,329.03"
18/09/18,"12,358.86"
17/09/18,"12,269.36"
14/09/18,"12,268.49"
13/09/18,"12,260.41"
12/9/2018,"12,353.22"
11/9/2018,"11,994.68"
10/9/2018,"11,920.95"
7/9/2018,"11,954.33"
6/9/2018,"11,992.39"
5/9/2018,"12,099.97"
4/9/2018,"12,216.77"
3/9/2018,"12,223.51"
31/08/18,"12,228.26"
30/08/18,"12,256.38"
29/08/18,"12,243.16"
28/08/18,"12,177.45"
27/08/18,"12,153.14"
24/08/18,"12,185.00"
23/08/18,"12,157.83"
22/08/18,"12,145.77"
21/08/18,"12,108.38"
17/08/18,"12,074.71"
16/08/18,"12,049.26"
15/08/18,"11,943.11"
14/08/18,"12,027.71"
13/08/18,"11,994.22"
10/8/2018,"12,043.51"
9/8/2018,"12,080.33"
8/8/2018,"12,188.38"
6/8/2018,"12,096.80"
3/8/2018,"12,104.82"
2/8/2018,"12,157.26"
1/8/2018,"12,184.83"
31/07/18,"12,188.67"
30/07/18,"12,282.28"
27/07/18,"12,148.04"
26/07/18,"12,147.10"
25/07/18,"12,106.92"
24/07/18,"12,239.18"
23/07/18,"12,257.34"
19/07/18,"12,242.65"
18/07/18,"12,267.10"
17/07/18,"12,279.60"
16/07/18,"12,269.57"
13/07/18,"12,262.15"
12/7/2018,"12,283.05"
11/7/2018,"12,302.61"
10/7/2018,"12,403.97"
9/7/2018,"12,370.26"
6/7/2018,"12,331.03"
5/7/2018,"12,396.09"
4/7/2018,"12,414.42"
3/7/2018,"12,360.87"
29/06/18,"12,415.11"
28/06/18,"12,346.84"
27/06/18,"12,250.50"
26/06/18,"12,145.54"
25/06/18,"12,013.75"
22/06/18,"12,069.07"
21/06/18,"12,102.52"
20/06/18,"12,069.12"
19/06/18,"12,133.87"
18/06/18,"12,328.83"
15/06/18,"12,231.42"
14/06/18,"12,281.85"
13/06/18,"12,301.27"
12/6/2018,"12,251.56"
8/6/2018,"12,251.57"
7/6/2018,"12,292.68"
6/6/2018,"12,276.74"
5/6/2018,"12,387.91"
1/6/2018,"12,396.36"
31/05/18,"12,293.52"
30/05/18,"12,302.82"
29/05/18,"12,241.74"
28/05/18,"12,001.14"
25/05/18,"12,073.97"
24/05/18,"12,120.60"
23/05/18,"12,055.27"
22/05/18,"12,130.18"
21/05/18,"12,084.45"
18/05/18,"12,161.98"
17/05/18,"12,233.87"
16/05/18,"12,350.60"
15/05/18,"12,599.45"
11/5/2018,"12,362.10"
10/5/2018,"12,359.35"
9/5/2018,"12,444.94"
8/5/2018,"12,325.60"
7/5/2018,"12,233.54"
4/5/2018,"12,301.10"
3/5/2018,"12,353.29"
2/5/2018,"12,413.90"
30/04/18,"12,426.04"
27/04/18,"12,421.57"
26/04/18,"12,260.59"
25/04/18,"12,308.35"
24/04/18,"12,381.16"
23/04/18,"12,517.71"
20/04/18,"12,320.30"
19/04/18,"12,415.55"
18/04/18,"12,320.40"
17/04/18,"12,221.28"
16/04/18,"11,998.28"
13/04/18,"12,081.17"
12/4/2018,"12,255.64"
11/4/2018,"12,330.09"
10/4/2018,"12,092.97"
9/4/2018,"11,959.03"
6/4/2018,"11,879.33"
5/4/2018,"11,823.82"
4/4/2018,"11,720.04"
3/4/2018,"11,647.10"
2/4/2018,"11,477.29"
28/03/18,"11,320.43"
27/03/18,"11,315.60"
26/03/18,"11,511.64"
23/03/18,"11,406.44"
22/03/18,"11,439.71"
21/03/18,"11,643.44"
20/03/18,"11,542.16"
16/03/18,"11,444.28"
15/03/18,"11,398.49"
14/03/18,"11,377.17"
13/03/18,"11,405.19"
12/3/2018,"11,439.27"
9/3/2018,"11,480.12"
8/3/2018,"11,428.84"
7/3/2018,"11,395.11"
6/3/2018,"11,464.66"
5/3/2018,"11,325.23"
2/3/2018,"11,305.02"
1/3/2018,"11,319.12"
28/02/18,"11,443.09"
27/02/18,"11,764.18"
26/02/18,"11,873.05"
23/02/18,"11,888.49"
22/02/18,"11,863.07"
21/02/18,"11,713.77"
20/02/18,"11,708.56"
19/02/18,"11,688.19"
16/02/18,"11,772.13"
15/02/18,"11,688.12"
14/02/18,"11,686.30"
13/02/18,"11,576.59"
12/2/2018,"11,672.38"
9/2/2018,"11,567.58"
8/2/2018,"11,556.80"
7/2/2018,"11,715.96"
6/2/2018,"11,760.91"
5/2/2018,"11,762.76"
2/2/2018,"12,120.43"
1/2/2018,"12,287.08"
31/01/18,"12,113.25"
30/01/18,"12,244.34"
29/01/18,"12,338.46"
26/01/18,"12,342.43"
25/01/18,"12,288.05"
24/01/18,"12,314.00"
23/01/18,"12,065.52"
22/01/18,"11,978.21"
19/01/18,"11,898.35"
18/01/18,"11,863.60"
17/01/18,"11,832.37"
16/01/18,"11,789.30"
15/01/18,"11,553.76"
12/1/2018,"11,623.80"
11/1/2018,"11,648.75"
10/1/2018,"11,788.48"
9/1/2018,"11,882.97"
5/1/2018,"11,853.55"
4/1/2018,"11,710.46"
3/1/2018,"11,560.94"
2/1/2018,"11,528.66"
28/12/17,"11,437.42"
27/12/17,"11,365.45"
26/12/17,"11,271.08"
22/12/17,"11,249.98"
21/12/17,"11,203.76"
20/12/17,"11,147.11"
19/12/17,"11,111.51"
18/12/17,"11,069.65"
15/12/17,"11,012.01"
14/12/17,"11,072.03"
13/12/17,"11,094.62"
12/12/2017,"11,038.53"
11/12/2017,"11,068.78"
7/12/2017,"10,871.89"
6/12/2017,"10,843.42"
5/12/2017,"10,785.58"
4/12/2017,"10,809.22"
1/12/2017,"10,816.27"
30/11/17,"10,808.29"
29/11/17,"10,834.27"
28/11/17,"10,806.59"
27/11/17,"10,829.46"
24/11/17,"10,847.85"
23/11/17,"10,862.65"
22/11/17,"10,864.78"
21/11/17,"10,840.57"
20/11/17,"10,818.23"
17/11/17,"10,804.19"
16/11/17,"10,750.67"
15/11/17,"10,693.68"
14/11/17,"10,666.96"
10/11/2017,"10,774.04"
9/11/2017,"10,806.63"
8/11/2017,"10,722.85"
7/11/2017,"10,740.90"
3/11/2017,"10,564.71"
2/11/2017,"10,623.80"
1/11/2017,"10,757.15"
31/10/17,"10,670.62"
30/10/17,"10,671.04"
27/10/17,"10,761.17"
26/10/17,"11,036.77"
25/10/17,"10,935.23"
24/10/17,"10,910.04"
23/10/17,"10,878.73"
20/10/17,"10,923.60"
19/10/17,"10,940.09"
18/10/17,"11,017.62"
17/10/17,"11,048.65"
13/10/17,"11,084.02"
12/10/2017,"11,060.85"
11/10/2017,"11,050.63"
10/10/2017,"11,059.91"
9/10/2017,"11,049.44"
6/10/2017,"11,120.01"
5/10/2017,"11,119.03"
4/10/2017,"11,080.07"
3/10/2017,"11,106.89"
2/10/2017,"11,102.71"
29/09/17,"11,070.11"
28/09/17,"11,079.56"
27/09/17,"11,085.90"
26/09/17,"11,052.65"
25/09/17,"11,076.98"
22/09/17,"11,109.41"
21/09/17,"11,074.64"
20/09/17,"11,078.93"
19/09/17,"11,157.66"
18/09/17,"11,176.84"
15/09/17,"11,167.61"
14/09/17,"11,155.30"
13/09/17,"11,182.57"
12/9/2017,"11,140.56"
11/9/2017,"11,254.76"
8/9/2017,"11,198.01"
7/9/2017,"11,248.38"
6/9/2017,"11,276.93"
5/9/2017,"11,234.89"
4/9/2017,"11,237.03"
1/9/2017,"11,187.81"
31/08/17,"11,048.63"
30/08/17,"10,884.36"
29/08/17,"10,931.40"
28/08/17,"10,894.52"
25/08/17,"10,897.56"
24/08/17,"10,927.17"
23/08/17,"10,974.98"
22/08/17,"10,959.04"
18/08/17,"10,919.59"
17/08/17,"10,865.97"
16/08/17,"10,879.68"
15/08/17,"10,714.49"
14/08/17,"10,806.18"
11/8/2017,"10,808.83"
10/8/2017,"10,769.82"
9/8/2017,"10,852.88"
8/8/2017,"10,848.79"
4/8/2017,"10,926.27"
3/8/2017,"10,922.81"
2/8/2017,"10,941.79"
1/8/2017,"10,940.91"
31/07/17,"10,902.82"
28/07/17,"11,014.33"
27/07/17,"10,963.82"
26/07/17,"10,905.51"
25/07/17,"10,940.71"
24/07/17,"10,863.45"
21/07/17,"10,863.30"
19/07/17,"10,880.35"
18/07/17,"10,971.55"
17/07/17,"11,036.24"
14/07/17,"11,050.14"
13/07/17,"11,113.00"
12/7/2017,"11,122.69"
11/7/2017,"10,993.84"
10/7/2017,"10,927.70"
7/7/2017,"10,936.79"
6/7/2017,"11,012.14"
5/7/2017,"10,978.37"
4/7/2017,"10,984.67"
30/06/17,"10,879.78"
29/06/17,"10,801.09"
28/06/17,"10,763.47"
13/06/17,"10,756.97"
12/6/2017,"10,707.62"
9/6/2017,"10,729.79"
8/6/2017,"10,735.40"
7/6/2017,"10,801.87"
6/6/2017,"10,801.84"
5/6/2017,"10,734.19"
2/6/2017,"10,659.80"
1/6/2017,"10,695.73"
31/05/17,"10,609.00"
30/05/17,"10,709.08"
26/05/17,"10,757.22"
25/05/17,"10,728.04"
24/05/17,"10,757.92"
23/05/17,"10,752.20"
22/05/17,"10,727.54"
19/05/17,"10,706.92"
18/05/17,"10,661.12"
17/05/17,"10,721.89"
16/05/17,"10,826.50"
15/05/17,"10,870.24"
12/5/2017,"10,742.18"
11/5/2017,"10,594.79"
10/5/2017,"10,541.79"
9/5/2017,"10,478.82"
8/5/2017,"10,440.97"
5/5/2017,"10,315.51"
4/5/2017,"10,248.70"
3/5/2017,"10,202.49"
28/04/17,"10,129.56"
27/04/17,"10,145.56"
26/04/17,"10,193.30"
25/04/17,"10,166.11"
24/04/17,"10,104.10"
21/04/17,"10,101.37"
20/04/17,"10,112.53"
19/04/17,"10,123.06"
18/04/17,"10,171.09"
17/04/17,"10,191.89"
12/4/2017,"10,250.56"
11/4/2017,"10,243.13"
10/4/2017,"10,234.51"
7/4/2017,"10,192.08"
6/4/2017,"10,181.80"
5/4/2017,"10,166.72"
4/4/2017,"10,176.37"
3/4/2017,"10,174.00"
31/03/17,"10,158.82"
30/03/17,"10,181.44"
29/03/17,"10,153.43"
28/03/17,"10,135.44"
27/03/17,"10,053.91"
24/03/17,"10,059.58"
23/03/17,"10,082.41"
22/03/17,"10,031.68"
21/03/17,"9,981.66"
17/03/17,"9,915.11"
16/03/17,"9,940.04"
15/03/17,"9,876.70"
14/03/17,"9,792.19"
13/03/17,"9,970.03"
10/3/2017,"9,926.64"
9/3/2017,"9,868.08"
8/3/2017,"9,841.85"
7/3/2017,"9,928.66"
6/3/2017,"9,937.92"
3/3/2017,"9,907.48"
2/3/2017,"9,859.61"
1/3/2017,"9,897.83"
28/02/17,"9,910.44"
27/02/17,"9,946.41"
24/02/17,"9,938.29"
23/02/17,"10,003.84"
22/02/17,"9,917.79"
20/02/17,"9,983.64"
17/02/17,"10,003.83"
16/02/17,"10,031.98"
15/02/17,"9,949.34"
14/02/17,"9,870.98"
13/02/17,"10,012.74"
10/2/2017,"10,071.95"
9/2/2017,"10,042.39"
8/2/2017,"10,063.04"
7/2/2017,"10,122.65"
6/2/2017,"10,187.83"
3/2/2017,"10,190.77"
2/2/2017,"10,188.76"
1/2/2017,"10,132.38"
31/01/17,"10,168.66"
30/01/17,"10,200.15"
27/01/17,"10,286.93"
26/01/17,"10,259.51"
25/01/17,"10,228.59"
24/01/17,"10,214.14"
23/01/17,"10,114.37"
20/01/17,"10,132.13"
19/01/17,"10,144.45"
18/01/17,"10,153.63"
17/01/17,"10,169.70"
16/01/17,"10,187.78"
13/01/17,"10,199.41"
12/1/2017,"10,242.77"
11/1/2017,"10,271.92"
10/1/2017,"10,241.62"
6/1/2017,"10,253.25"
5/1/2017,"10,279.92"
4/1/2017,"10,258.47"
3/1/2017,"10,161.12"
2/1/2017,"10,064.93"
29/12/16,"10,106.25"
28/12/16,"10,128.09"
27/12/16,"10,019.64"
26/12/16,"10,026.04"
23/12/16,"9,951.00"
22/12/16,"10,021.54"
21/12/16,"10,040.70"
20/12/16,"10,060.59"
19/12/16,"10,023.24"
16/12/16,"10,040.73"
15/12/16,"10,031.84"
14/12/16,"9,905.59"
13/12/16,"9,979.23"
12/12/2016,"9,889.62"
9/12/2016,"9,881.35"
7/12/2016,"9,798.00"
6/12/2016,"9,815.64"
5/12/2016,"9,776.86"
2/12/2016,"9,725.55"
1/12/2016,"9,657.25"
30/11/16,"9,572.26"
29/11/16,"9,421.92"
28/11/16,"9,584.53"
25/11/16,"9,626.30"
24/11/16,"9,713.43"
23/11/16,"9,717.87"
22/11/16,"9,697.45"
21/11/16,"9,741.95"
18/11/16,"9,694.79"
17/11/16,"9,680.64"
16/11/16,"9,614.08"
15/11/16,"9,650.41"
11/11/2016,"9,627.74"
10/11/2016,"9,783.32"
9/11/2016,"10,057.26"
8/11/2016,"10,076.60"
4/11/2016,"9,997.77"
3/11/2016,"10,053.46"
2/11/2016,"10,139.18"
1/11/2016,"10,165.90"
28/10/16,"10,069.25"
27/10/16,"10,067.93"
26/10/16,"10,052.17"
25/10/16,"10,039.55"
24/10/16,"10,066.23"
21/10/16,"10,095.51"
20/10/16,"10,085.85"
19/10/16,"10,101.07"
18/10/16,"10,019.23"
14/10/16,"9,946.92"
13/10/16,"10,000.15"
12/10/2016,"10,008.55"
11/10/2016,"10,031.90"
10/10/2016,"9,985.44"
7/10/2016,"9,964.37"
6/10/2016,"9,921.52"
5/10/2016,"9,901.54"
4/10/2016,"9,847.55"
3/10/2016,"9,811.86"
30/09/16,"9,847.21"
29/09/16,"9,897.14"
28/09/16,"9,939.67"
27/09/16,"9,773.83"
26/09/16,"9,882.73"
23/09/16,"9,937.70"
22/09/16,"9,995.14"
21/09/16,"9,879.67"
20/09/16,"9,856.51"
19/09/16,"9,965.45"
16/09/16,"9,976.69"
15/09/16,"10,111.55"
14/09/16,"10,107.61"
13/09/16,"10,085.79"
12/9/2016,"10,239.92"
9/9/2016,"10,324.48"
8/9/2016,"10,458.54"
7/9/2016,"10,447.89"
6/9/2016,"10,338.89"
5/9/2016,"10,304.61"
2/9/2016,"10,263.27"
1/9/2016,"10,154.01"
31/08/16,"10,176.37"
30/08/16,"10,126.52"
29/08/16,"10,099.65"
26/08/16,"10,090.74"
25/08/16,"10,090.74"
24/08/16,"9,997.20"
23/08/16,"9,912.93"
22/08/16,"9,912.93"
19/08/16,"9,920.81"
18/08/16,"9,920.81"
17/08/16,"9,926.67"
16/08/16,"9,865.07"
12/8/2016,"9,725.71"
11/8/2016,"9,763.44"
10/8/2016,"9,725.50"
9/8/2016,"9,752.14"
8/8/2016,"9,662.94"
5/8/2016,"9,646.24"
4/8/2016,"9,631.77"
3/8/2016,"9,598.64"
2/8/2016,"9,583.04"
1/8/2016,"9,623.74"
29/07/16,"9,662.30"
28/07/16,"9,721.09"
27/07/16,"9,769.94"
26/07/16,"9,719.18"
25/07/16,"9,786.84"
22/07/16,"9,873.03"
21/07/16,"9,846.19"
19/07/16,"9,930.33"
18/07/16,"9,948.71"
15/07/16,"9,945.75"
14/07/16,"9,901.06"
13/07/16,"9,834.51"
12/7/2016,"9,787.48"
11/7/2016,"9,682.69"
8/7/2016,"9,612.51"
6/7/2016,"9,723.38"
5/7/2016,"9,686.99"
1/7/2016,"9,768.57"
30/06/16,"9,762.57"
29/06/16,"9,757.96"
28/06/16,"9,706.43"
27/06/16,"9,677.65"
24/06/16,"9,812.72"
23/06/16,"9,913.46"
22/06/16,"9,884.81"
21/06/16,"9,886.63"
20/06/16,"9,834.00"
17/06/16,"9,767.66"
16/06/16,"9,743.25"
15/06/16,"9,722.84"
14/06/16,"9,726.80"
13/06/16,"9,804.14"
10/6/2016,"9,851.83"
9/6/2016,"9,975.06"
8/6/2016,"9,964.40"
7/6/2016,"9,817.95"
3/6/2016,"9,732.91"
2/6/2016,"9,674.97"
1/6/2016,"9,667.04"
31/05/16,"9,594.63"
27/05/16,"9,674.23"
26/05/16,"9,676.23"
25/05/16,"9,708.53"
24/05/16,"9,780.42"
23/05/16,"9,824.24"
20/05/16,"9,801.87"
19/05/16,"9,814.95"
18/05/16,"9,866.82"
17/05/16,"9,988.21"
16/05/16,"10,063.80"
13/05/16,"9,977.00"
12/5/2016,"10,005.74"
11/5/2016,"9,894.79"
10/5/2016,"9,859.76"
6/5/2016,"9,602.81"
5/5/2016,"9,581.95"
4/5/2016,"9,723.22"
3/5/2016,"9,763.13"
2/5/2016,"9,934.81"
29/04/16,"9,961.63"
27/04/16,"10,086.71"
26/04/16,"10,102.04"
25/04/16,"10,049.54"
22/04/16,"10,147.29"
21/04/16,"10,177.79"
20/04/16,"10,180.24"
19/04/16,"10,064.81"
18/04/16,"10,014.60"
13/04/16,"10,117.84"
5/4/2016,"9,707.68"
4/4/2016,"9,893.55"
29/03/16,"9,570.31"
28/03/16,"9,639.62"
23/03/16,"9,758.46"
22/03/16,"9,743.39"
18/03/16,"9,699.71"
17/03/16,"9,606.28"
16/03/16,"9,521.03"
15/03/16,"9,492.49"
14/03/16,"9,609.13"
11/3/2016,"9,655.15"
10/3/2016,"9,614.08"
9/3/2016,"9,598.55"
8/3/2016,"9,590.72"
7/3/2016,"9,699.71"
4/3/2016,"9,590.53"
3/3/2016,"9,579.68"
2/3/2016,"9,459.55"
1/3/2016,"9,293.71"
29/02/16,"9,189.26"
26/02/16,"9,182.51"
25/02/16,"9,120.33"
24/02/16,"8,997.28"
23/02/16,"8,995.95"
22/02/16,"9,056.38"
19/02/16,"9,022.84"
18/02/16,"9,043.81"
17/02/16,"9,023.68"
16/02/16,"8,766.39"
15/02/16,"8,811.90"
12/2/2016,"8,820.72"
11/2/2016,"8,722.79"
10/2/2016,"8,731.30"
9/2/2016,"8,712.35"
8/2/2016,"8,701.74"
5/2/2016,"8,706.71"
4/2/2016,"8,669.15"
3/2/2016,"8,610.66"
2/2/2016,"8,495.48"
1/2/2016,"8,624.46"
29/01/16,"8,596.05"
28/01/16,"8,520.87"
27/01/16,"8,430.71"
26/01/16,"8,369.00"
25/01/16,"8,311.30"
22/01/16,"8,426.09"
21/01/16,"8,192.04"
20/01/16,"8,082.81"
19/01/16,"8,022.25"
18/01/16,"7,849.51"
15/01/16,"8,041.60"
14/01/16,"8,265.42"
13/01/16,"8,049.42"
12/1/2016,"7,919.28"
8/1/2016,"8,121.99"
7/1/2016,"8,159.16"
6/1/2016,"8,352.98"
5/1/2016,"8,479.80"
4/1/2016,"8,401.16"
30/12/15,"8,547.34"
29/12/15,"8,529.71"
28/12/15,"8,568.77"
24/12/15,"8,597.22"
23/12/15,"8,645.56"
22/12/15,"8,403.11"
21/12/15,"8,408.12"
18/12/15,"8,498.79"
17/12/15,"8,506.65"
16/12/15,"8,412.42"
15/12/15,"8,184.36"
14/12/15,"7,953.74"
11/12/2015,"7,968.98"
10/12/2015,"8,029.09"
9/12/2015,"7,935.35"
7/12/2015,"7,858.87"
4/12/2015,"8,051.38"
3/12/2015,"8,133.56"
2/12/2015,"8,221.27"
1/12/2015,"8,359.96"
30/11/15,"8,404.57"
27/11/15,"8,273.86"
26/11/15,"8,341.21"
25/11/15,"8,375.63"
24/11/15,"8,541.16"
23/11/15,"8,601.41"
20/11/15,"8,561.42"
19/11/15,"8,458.40"
18/11/15,"8,502.14"
17/11/15,"8,447.17"
13/11/15,"8,701.37"
12/11/2015,"8,898.30"
11/11/2015,"9,056.68"
10/11/2015,"9,116.82"
5/11/2015,"9,238.02"
4/11/2015,"9,210.86"
3/11/2015,"9,215.27"
30/10/15,"9,154.37"
29/10/15,"9,209.96"
28/10/15,"9,293.07"
27/10/15,"9,343.01"
26/10/15,"9,426.41"
23/10/15,"9,455.69"
22/10/15,"9,468.77"
21/10/15,"9,455.15"
20/10/15,"9,472.52"
19/10/15,"9,464.29"
16/10/15,"9,560.31"
15/10/15,"9,582.14"
14/10/15,"9,634.94"
13/10/15,"9,723.63"
9/10/2015,"9,796.10"
8/10/2015,"9,797.92"
7/10/2015,"9,721.34"
6/10/2015,"9,575.01"
5/10/2015,"9,424.69"
2/10/2015,"9,272.35"
1/10/2015,"9,198.06"
30/09/15,"9,282.68"
29/09/15,"9,142.45"
28/09/15,"9,163.86"
25/09/15,"9,258.14"
24/09/15,"9,303.50"
23/09/15,"9,248.58"
22/09/15,"9,318.98"
21/09/15,"9,481.30"
18/09/15,"9,586.82"
17/09/15,"9,688.29"
16/09/15,"9,678.59"
15/09/15,"9,551.91"
14/09/15,"9,522.59"
11/9/2015,"9,526.49"
10/9/2015,"9,609.39"
9/9/2015,"9,461.11"
8/9/2015,"9,582.27"
7/9/2015,"9,547.09"
4/9/2015,"9,527.57"
3/9/2015,"9,559.83"
2/9/2015,"9,420.93"
1/9/2015,"9,355.17"
31/08/15,"9,662.36"
28/08/15,"9,457.18"
27/08/15,"9,280.07"
26/08/15,"8,892.56"
25/08/15,"8,865.42"
24/08/15,"8,824.79"
21/08/15,"9,137.10"
20/08/15,"9,386.79"
19/08/15,"9,478.18"
18/08/15,"9,658.84"
14/08/15,"9,707.21"
13/08/15,"9,750.03"
12/8/2015,"9,835.02"
11/8/2015,"9,725.08"
10/8/2015,"9,844.14"
6/8/2015,"9,875.83"
5/8/2015,"9,833.63"
4/8/2015,"9,907.77"
3/8/2015,"9,897.58"
31/07/15,"10,045.56"
30/07/15,"10,079.77"
29/07/15,"10,091.45"
28/07/15,"9,884.00"
27/07/15,"9,841.48"
24/07/15,"9,938.14"
23/07/15,"9,983.15"
22/07/15,"9,960.55"
21/07/15,"9,924.59"
17/07/15,"9,989.33"
16/07/15,"10,139.17"
15/07/15,"10,096.30"
14/07/15,"10,089.87"
13/07/15,"9,979.73"
10/7/2015,"9,947.57"
9/7/2015,"9,882.36"
8/7/2015,"10,036.78"
7/7/2015,"10,128.54"
6/7/2015,"10,151.18"
3/7/2015,"10,185.75"
2/7/2015,"10,205.91"
1/7/2015,"10,120.23"
30/06/15,"10,297.87"
26/06/15,"10,251.14"
25/06/15,"10,204.30"
24/06/15,"10,320.48"
23/06/15,"10,354.00"
22/06/15,"10,213.36"
19/06/15,"10,176.21"
18/06/15,"10,299.48"
17/06/15,"10,240.64"
16/06/15,"10,245.88"
12/6/2015,"10,342.85"
11/6/2015,"10,367.68"
9/6/2015,"10,275.56"
5/6/2015,"10,307.04"
4/6/2015,"10,214.08"
3/6/2015,"10,262.71"
2/6/2015,"10,240.00"
1/6/2015,"10,146.47"
29/05/15,"10,205.17"
28/05/15,"10,192.03"
27/05/15,"10,215.93"
26/05/15,"10,406.61"
25/05/15,"10,499.42"
22/05/15,"10,552.21"
21/05/15,"10,589.88"
20/05/15,"10,614.60"
19/05/15,"10,612.07"
15/05/15,"10,571.67"
14/05/15,"10,597.50"
13/05/15,"10,582.98"
12/5/2015,"10,591.30"
11/5/2015,"10,635.80"
8/5/2015,"10,635.35"
7/5/2015,"10,715.61"
6/5/2015,"10,949.05"
5/5/2015,"10,888.75"
4/5/2015,"10,781.49"
30/04/15,"10,690.64"
29/04/15,"10,772.49"
28/04/15,"10,817.61"
27/04/15,"10,680.37"
24/04/15,"10,597.95"
23/04/15,"10,458.95"
22/04/15,"10,359.11"
21/04/15,"10,219.40"
20/04/15,"10,355.58"
17/04/15,"10,483.86"
16/04/15,"10,511.77"
15/04/15,"10,445.88"
14/04/15,"10,366.80"
13/04/15,"10,330.85"
10/4/2015,"10,260.24"
9/4/2015,"10,280.81"
8/4/2015,"10,236.18"
7/4/2015,"10,340.76"
6/4/2015,"10,274.56"
1/4/2015,"10,175.16"
31/03/15,"9,998.85"
30/03/15,"9,926.00"
27/03/15,"9,908.56"
26/03/15,"9,975.47"
25/03/15,"9,970.18"
24/03/15,"9,881.81"
20/03/15,"9,912.68"
19/03/15,"9,944.32"
18/03/15,"9,844.63"
17/03/15,"9,836.02"
16/03/15,"9,785.17"
13/03/15,"9,807.06"
12/3/2015,"9,700.09"
11/3/2015,"9,523.14"
10/3/2015,"9,604.02"
9/3/2015,"9,634.42"
6/3/2015,"9,826.96"
5/3/2015,"10,044.21"
4/3/2015,"10,151.93"
3/3/2015,"10,129.60"
2/3/2015,"10,295.07"
27/02/15,"10,457.91"
26/02/15,"10,435.49"
25/02/15,"10,449.57"
24/02/15,"10,449.47"
23/02/15,"10,538.80"
20/02/15,"10,485.69"
19/02/15,"10,617.13"
18/02/15,"10,722.88"
17/02/15,"10,634.65"
16/02/15,"10,688.28"
13/02/15,"10,687.51"
12/2/2015,"10,550.96"
11/2/2015,"10,555.05"
10/2/2015,"10,693.19"
9/2/2015,"11,045.64"
6/2/2015,"11,035.29"
5/2/2015,"11,039.16"
4/2/2015,"10,922.01"
3/2/2015,"11,052.78"
2/2/2015,"10,761.78"
30/01/15,"10,593.49"
29/01/15,"10,652.34"
28/01/15,"10,696.65"
27/01/15,"10,832.45"
26/01/15,"10,838.01"
23/01/15,"10,794.16"
22/01/15,"10,710.17"
21/01/15,"10,535.30"
20/01/15,"10,460.75"
19/01/15,"10,495.16"
16/01/15,"10,499.91"
15/01/15,"10,520.83"
14/01/15,"10,569.95"
13/01/15,"10,877.90"
9/1/2015,"10,915.06"
8/1/2015,"10,959.13"
7/1/2015,"10,903.35"
6/1/2015,"10,859.26"
5/1/2015,"10,861.63"
2/1/2015,"11,420.19"
30/12/14,"11,634.63"
29/12/14,"11,570.54"
26/12/14,"11,641.10"
24/12/14,"11,760.94"
23/12/14,"11,811.63"
19/12/14,"11,242.91"
18/12/14,"11,024.50"
17/12/14,"10,930.47"
16/12/14,"10,479.46"
15/12/14,"10,262.96"
12/12/2014,"10,572.41"
11/12/2014,"10,825.29"
10/12/2014,"11,277.34"
9/12/2014,"11,490.72"
5/12/2014,"11,748.01"
4/12/2014,"11,625.00"
3/12/2014,"11,951.12"
2/12/2014,"11,910.46"
1/12/2014,"11,899.45"
28/11/14,"12,074.20"
27/11/14,"12,246.62"
26/11/14,"12,666.18"
25/11/14,"12,678.71"
24/11/14,"12,831.70"
21/11/14,"12,949.38"
20/11/14,"12,856.37"
19/11/14,"12,829.47"
14/11/14,"12,918.22"
13/11/14,"12,963.24"
12/11/2014,"13,142.67"
11/11/2014,"13,052.94"
10/11/2014,"13,124.85"
7/11/2014,"13,144.48"
6/11/2014,"13,153.64"
5/11/2014,"13,177.50"
4/11/2014,"13,141.00"
31/10/14,"13,244.49"
30/10/14,"13,198.99"
29/10/14,"13,160.87"
28/10/14,"13,147.21"
27/10/14,"13,096.64"
24/10/14,"13,269.43"
23/10/14,"13,301.14"
21/10/14,"13,363.99"
20/10/14,"13,214.84"
17/10/14,"13,081.80"
16/10/14,"12,991.98"
15/10/14,"12,821.09"
14/10/14,"12,879.26"
10/10/2014,"12,968.77"
9/10/2014,"13,242.21"
8/10/2014,"13,314.63"
7/10/2014,"13,393.28"
6/10/2014,"13,557.90"
3/10/2014,"13,477.20"
2/10/2014,"13,312.45"
1/10/2014,"13,428.45"
30/09/14,"13,618.86"
29/09/14,"13,718.00"
26/09/14,"13,686.62"
25/09/14,"13,638.58"
24/09/14,"13,807.37"
23/09/14,"13,844.62"
22/09/14,"14,104.49"
19/09/14,"14,179.81"
18/09/14,"14,244.43"
17/09/14,"14,240.02"
16/09/14,"14,243.13"
15/09/14,"14,221.35"
12/9/2014,"14,271.23"
11/9/2014,"14,256.69"
10/9/2014,"14,350.37"
9/9/2014,"14,333.50"
8/9/2014,"14,460.41"
5/9/2014,"14,561.09"
4/9/2014,"14,610.84"
3/9/2014,"14,675.22"
2/9/2014,"14,705.54"
1/9/2014,"14,692.81"
29/08/14,"14,671.02"
28/08/14,"14,600.01"
27/08/14,"14,567.98"
26/08/14,"14,451.65"
25/08/14,"14,402.49"
22/08/14,"14,376.16"
21/08/14,"14,430.13"
20/08/14,"14,425.28"
19/08/14,"14,298.72"
15/08/14,"14,134.57"
14/08/14,"14,176.80"
13/08/14,"14,219.45"
12/8/2014,"14,207.00"
11/8/2014,"14,356.58"
8/8/2014,"14,171.04"
6/8/2014,"14,204.86"
5/8/2014,"14,262.54"
4/8/2014,"14,187.86"
1/8/2014,"14,065.39"
31/07/14,"13,968.06"
30/07/14,"14,042.82"
29/07/14,"13,998.12"
28/07/14,"14,081.18"
25/07/14,"13,946.99"
24/07/14,"13,919.59"
23/07/14,"13,960.86"
22/07/14,"14,028.50"
21/07/14,"13,896.11"
18/07/14,"13,943.64"
17/07/14,"13,902.70"
16/07/14,"13,858.71"
15/07/14,"13,784.94"
14/07/14,"13,832.80"
11/7/2014,"13,919.25"
10/7/2014,"13,858.39"
9/7/2014,"13,971.38"
8/7/2014,"14,063.46"
7/7/2014,"14,056.75"
4/7/2014,"14,134.97"
3/7/2014,"14,131.15"
2/7/2014,"14,122.79"
1/7/2014,"14,124.43"
27/06/14,"14,075.79"
26/06/14,"14,180.99"
25/06/14,"14,213.07"
24/06/14,"14,247.50"
20/06/14,"14,292.35"
19/06/14,"14,219.94"
18/06/14,"14,260.00"
17/06/14,"14,234.17"
16/06/14,"14,399.19"
13/06/14,"14,260.27"
12/6/2014,"14,229.21"
11/6/2014,"14,284.53"
10/6/2014,"14,184.21"
9/6/2014,"13,913.23"
6/6/2014,"13,779.95"
5/6/2014,"13,870.85"
4/6/2014,"13,780.31"
3/6/2014,"13,792.49"
30/05/14,"13,663.57"
29/05/14,"13,663.78"
28/05/14,"13,636.13"
27/05/14,"13,636.71"
26/05/14,"13,639.16"
23/05/14,"13,650.84"
22/05/14,"13,592.79"
21/05/14,"13,648.78"
20/05/14,"13,473.18"
19/05/14,"13,639.13"
16/05/14,"13,662.35"
15/05/14,"13,605.83"
14/05/14,"13,718.26"
13/05/14,"13,690.69"
12/5/2014,"13,692.20"
9/5/2014,"13,538.74"
8/5/2014,"13,571.40"
7/5/2014,"13,541.81"
6/5/2014,"13,436.05"
5/5/2014,"13,405.70"
2/5/2014,"13,475.62"
30/04/14,"13,625.97"
29/04/14,"13,500.71"
28/04/14,"13,365.87"
25/04/14,"13,409.74"
24/04/14,"13,338.63"
23/04/14,"13,546.17"
22/04/14,"13,650.31"
21/04/14,"13,769.65"
16/04/14,"13,840.43"
15/04/14,"13,808.32"
14/04/14,"13,947.46"
11/4/2014,"13,821.74"
10/4/2014,"13,813.65"
9/4/2014,"13,750.15"
8/4/2014,"13,808.93"
7/4/2014,"13,874.31"
4/4/2014,"14,036.62"
3/4/2014,"14,076.10"
2/4/2014,"14,045.20"
1/4/2014,"13,890.39"
31/03/14,"13,827.01"
28/03/14,"13,675.30"
27/03/14,"13,592.20"
25/03/14,"13,395.46"
21/03/14,"13,134.57"
20/03/14,"13,119.78"
19/03/14,"13,029.02"
18/03/14,"13,026.58"
17/03/14,"13,054.52"
14/03/14,"12,989.12"
13/03/14,"13,077.22"
12/3/2014,"12,883.63"
11/3/2014,"12,922.66"
10/3/2014,"12,799.25"
7/3/2014,"12,820.27"
6/3/2014,"12,935.02"
5/3/2014,"12,733.99"
4/3/2014,"12,545.12"
3/3/2014,"12,283.99"
28/02/14,"12,423.15"
27/02/14,"12,192.02"
26/02/14,"12,162.19"
25/02/14,"12,258.58"
24/02/14,"12,502.01"
21/02/14,"12,392.41"
20/02/14,"12,445.06"
19/02/14,"12,615.73"
18/02/14,"12,568.89"
17/02/14,"12,475.32"
14/02/14,"12,504.73"
13/02/14,"12,457.29"
12/2/2014,"12,419.82"
11/2/2014,"12,233.64"
10/2/2014,"12,107.24"
7/2/2014,"12,203.12"
6/2/2014,"12,171.32"
5/2/2014,"12,025.20"
4/2/2014,"11,905.29"
3/2/2014,"11,847.58"
31/01/14,"11,977.10"
30/01/14,"11,959.20"
29/01/14,"11,949.40"
28/01/14,"11,986.36"
27/01/14,"12,037.74"
24/01/14,"12,197.98"
23/01/14,"12,398.23"
22/01/14,"12,566.06"
21/01/14,"12,520.09"
20/01/14,"12,543.41"
17/01/14,"12,552.32"
16/01/14,"12,551.83"
15/01/14,"12,600.65"
14/01/14,"12,562.65"
13/01/14,"12,552.95"
10/1/2014,"12,583.09"
9/1/2014,"12,718.32"
8/1/2014,"12,781.51"
7/1/2014,"12,886.52"
3/1/2014,"13,041.29"
2/1/2014,"13,111.60"
30/12/13,"13,071.27"
27/12/13,"13,011.03"
26/12/13,"13,035.54"
24/12/13,"13,085.90"
23/12/13,"13,040.48"
20/12/13,"13,188.66"
19/12/13,"13,021.27"
18/12/13,"12,979.45"
17/12/13,"13,069.72"
16/12/13,"13,170.15"
13/12/13,"13,239.80"
12/12/2013,"13,298.94"
11/12/2013,"13,186.81"
10/12/2013,"13,104.33"
9/12/2013,"13,035.00"
6/12/2013,"12,978.38"
5/12/2013,"13,033.26"
4/12/2013,"12,891.47"
3/12/2013,"13,138.84"
2/12/2013,"13,167.59"
29/11/13,"13,215.07"
28/11/13,"13,146.71"
27/11/13,"13,114.46"
26/11/13,"13,181.13"
25/11/13,"13,226.43"
22/11/13,"13,350.83"
21/11/13,"13,373.09"
20/11/13,"13,393.05"
19/11/13,"13,415.89"
18/11/13,"13,435.65"
15/11/13,"13,443.53"
14/11/13,"13,430.43"
13/11/13,"13,360.26"
12/11/2013,"13,107.46"
8/11/2013,"13,478.88"
7/11/2013,"13,723.34"
6/11/2013,"13,993.09"
5/11/2013,"13,977.38"
1/11/2013,"14,140.63"
31/10/13,"14,053.02"
30/10/13,"14,156.00"
29/10/13,"14,229.49"
28/10/13,"14,235.50"
25/10/13,"14,316.20"
24/10/13,"14,312.38"
23/10/13,"14,274.76"
22/10/13,"14,313.23"
21/10/13,"14,383.93"
18/10/13,"14,393.92"
17/10/13,"14,326.59"
16/10/13,"14,297.90"
15/10/13,"14,256.58"
11/10/2013,"14,240.31"
10/10/2013,"14,157.41"
9/10/2013,"14,098.55"
8/10/2013,"14,134.54"
7/10/2013,"14,071.08"
4/10/2013,"14,046.16"
3/10/2013,"14,060.73"
2/10/2013,"14,091.48"
1/10/2013,"14,114.37"
30/09/13,"14,061.02"
27/09/13,"14,116.16"
26/09/13,"14,096.67"
25/09/13,"14,167.21"
24/09/13,"14,170.10"
23/09/13,"14,165.63"
20/09/13,"14,121.09"
19/09/13,"14,106.29"
18/09/13,"14,086.26"
17/09/13,"14,060.97"
16/09/13,"13,989.89"
13/09/13,"14,018.83"
12/9/2013,"14,032.29"
11/9/2013,"14,069.41"
10/9/2013,"14,030.83"
9/9/2013,"13,892.48"
6/9/2013,"13,764.88"
5/9/2013,"13,807.84"
4/9/2013,"13,805.55"
3/9/2013,"13,735.49"
2/9/2013,"13,742.26"
30/08/13,"13,731.19"
29/08/13,"13,656.07"
28/08/13,"13,744.10"
27/08/13,"13,569.63"
26/08/13,"13,599.52"
23/08/13,"13,626.53"
22/08/13,"13,669.12"
21/08/13,"13,707.08"
20/08/13,"13,719.73"
16/08/13,"13,770.31"
15/08/13,"13,783.29"
14/08/13,"13,909.55"
13/08/13,"13,827.29"
12/8/2013,"13,734.29"
9/8/2013,"13,704.22"
8/8/2013,"13,778.74"
6/8/2013,"13,804.46"
5/8/2013,"13,773.80"
2/8/2013,"13,786.59"
1/8/2013,"13,681.03"
31/07/13,"13,465.27"
30/07/13,"13,436.99"
29/07/13,"13,416.34"
26/07/13,"13,430.23"
25/07/13,"13,502.25"
24/07/13,"13,559.40"
23/07/13,"13,546.02"
22/07/13,"13,333.48"
19/07/13,"13,481.94"
18/07/13,"13,410.12"
17/07/13,"13,304.84"
16/07/13,"13,119.05"
15/07/13,"13,048.22"
12/7/2013,"12,844.58"
11/7/2013,"12,664.28"
10/7/2013,"12,354.83"
9/7/2013,"12,545.58"
8/7/2013,"12,603.91"
5/7/2013,"12,628.16"
4/7/2013,"12,727.99"
3/7/2013,"12,673.21"
2/7/2013,"12,742.77"
28/06/13,"12,828.49"
27/06/13,"12,543.98"
26/06/13,"12,544.51"
25/06/13,"12,418.28"
24/06/13,"12,548.86"
21/06/13,"12,780.59"
20/06/13,"12,962.06"
19/06/13,"13,289.34"
18/06/13,"13,376.62"
17/06/13,"13,171.81"
14/06/13,"13,143.92"
13/06/13,"13,073.23"
12/6/2013,"13,090.64"
11/6/2013,"13,252.89"
7/6/2013,"13,366.56"
6/6/2013,"13,370.15"
5/6/2013,"13,384.26"
4/6/2013,"13,445.29"
31/05/13,"13,352.04"
30/05/13,"13,544.27"
29/05/13,"13,504.57"
28/05/13,"13,561.61"
27/05/13,"13,478.17"
24/05/13,"13,466.00"
23/05/13,"13,405.94"
22/05/13,"13,329.64"
21/05/13,"13,300.72"
20/05/13,"13,278.13"
17/05/13,"13,342.95"
16/05/13,"13,325.75"
15/05/13,"13,266.21"
14/05/13,"13,215.60"
10/5/2013,"13,190.88"
9/5/2013,"13,323.40"
8/5/2013,"13,270.41"
7/5/2013,"13,377.22"
6/5/2013,"13,412.34"
3/5/2013,"13,490.74"
2/5/2013,"13,414.91"
30/04/13,"13,390.27"
29/04/13,"13,457.44"
26/04/13,"13,428.86"
25/04/13,"13,526.17"
24/04/13,"13,455.32"
23/04/13,"13,398.27"
22/04/13,"13,386.05"
19/04/13,"13,315.14"
18/04/13,"13,282.47"
17/04/13,"13,296.38"
16/04/13,"13,387.20"
15/04/13,"13,231.67"
12/4/2013,"13,661.23"
11/4/2013,"13,839.23"
10/4/2013,"13,731.01"
9/4/2013,"13,702.56"
8/4/2013,"13,651.26"
5/4/2013,"13,742.97"
4/4/2013,"13,805.18"
3/4/2013,"13,718.90"
2/4/2013,"14,023.64"
1/4/2013,"14,043.33"
27/03/13,"14,135.35"
26/03/13,"14,093.46"
22/03/13,"13,983.96"
21/03/13,"13,925.71"
20/03/13,"13,946.60"
19/03/13,"13,958.84"
18/03/13,"14,233.97"
15/03/13,"14,376.22"
14/03/13,"14,289.63"
13/03/13,"14,367.36"
12/3/2013,"14,483.05"
11/3/2013,"14,463.27"
8/3/2013,"14,486.60"
7/3/2013,"14,466.61"
6/3/2013,"14,537.76"
5/3/2013,"14,641.61"
4/3/2013,"14,728.52"
1/3/2013,"14,785.82"
28/02/13,"14,838.13"
27/02/13,"14,840.64"
26/02/13,"14,767.44"
25/02/13,"14,828.50"
22/02/13,"14,859.26"
21/02/13,"14,746.04"
20/02/13,"14,814.17"
19/02/13,"14,876.13"
18/02/13,"14,973.92"
15/02/13,"14,960.90"
14/02/13,"15,037.15"
13/02/13,"15,059.04"
12/2/2013,"14,928.81"
11/2/2013,"14,891.01"
8/2/2013,"15,023.23"
7/2/2013,"15,042.55"
6/2/2013,"15,171.53"
5/2/2013,"15,194.72"
4/2/2013,"15,136.05"
1/2/2013,"15,110.18"
31/01/13,"14,981.55"
30/01/13,"14,995.18"
29/01/13,"15,035.59"
28/01/13,"14,977.48"
25/01/13,"14,992.67"
24/01/13,"14,900.24"
23/01/13,"14,868.84"
22/01/13,"14,821.88"
21/01/13,"14,778.36"
18/01/13,"14,793.71"
17/01/13,"14,723.53"
16/01/13,"14,750.29"
15/01/13,"14,766.26"
14/01/13,"14,756.74"
11/1/2013,"14,729.97"
10/1/2013,"14,739.61"
9/1/2013,"14,817.55"
8/1/2013,"14,630.77"
4/1/2013,"14,844.66"
3/1/2013,"14,821.98"
2/1/2013,"14,715.68"
28/12/12,"14,715.84"
27/12/12,"14,709.30"
26/12/12,"14,588.61"
24/12/12,"14,591.26"
21/12/12,"14,544.55"
20/12/12,"14,566.11"
19/12/12,"14,646.38"
18/12/12,"14,578.61"
17/12/12,"14,592.01"
14/12/12,"14,534.65"
13/12/12,"14,592.83"
12/12/2012,"14,629.52"
11/12/2012,"14,591.84"
10/12/2012,"14,500.30"
7/12/2012,"14,426.74"
6/12/2012,"14,414.84"
5/12/2012,"14,395.64"
4/12/2012,"14,303.70"
3/12/2012,"14,268.26"
30/11/12,"14,165.02"
29/11/12,"14,144.00"
28/11/12,"14,035.09"
27/11/12,"14,061.21"
26/11/12,"14,102.10"
23/11/12,"14,201.02"
22/11/12,"14,190.01"
21/11/12,"14,192.94"
20/11/12,"14,152.28"
19/11/12,"14,152.88"
16/11/12,"14,093.91"
15/11/12,"14,193.78"
14/11/12,"14,040.30"
13/11/12,"14,164.77"
9/11/2012,"14,304.94"
8/11/2012,"14,311.99"
7/11/2012,"13,970.23"
6/11/2012,"14,329.87"
2/11/2012,"14,379.46"
1/11/2012,"14,529.17"
31/10/12,"14,781.24"
30/10/12,"14,861.28"
29/10/12,"15,115.10"
26/10/12,"15,142.48"
25/10/12,"15,095.91"
24/10/12,"14,872.18"
23/10/12,"14,884.72"
22/10/12,"14,928.39"
19/10/12,"14,849.38"
18/10/12,"14,833.66"
17/10/12,"14,653.26"
16/10/12,"14,440.99"
12/10/2012,"14,273.50"
11/10/2012,"14,223.87"
10/10/2012,"14,212.06"
9/10/2012,"14,228.54"
8/10/2012,"14,332.70"
5/10/2012,"14,354.21"
4/10/2012,"14,292.66"
3/10/2012,"14,112.70"
2/10/2012,"14,211.93"
1/10/2012,"14,101.17"
28/09/12,"14,056.60"
27/09/12,"14,106.43"
26/09/12,"13,868.84"
25/09/12,"13,973.20"
24/09/12,"14,159.37"
21/09/12,"14,320.19"
20/09/12,"14,307.99"
19/09/12,"14,347.19"
18/09/12,"14,259.69"
17/09/12,"14,186.60"
14/09/12,"14,495.57"
13/09/12,"14,335.83"
12/9/2012,"14,155.52"
11/9/2012,"14,179.02"
10/9/2012,"14,184.67"
7/9/2012,"14,248.33"
6/9/2012,"14,162.74"
5/9/2012,"13,884.75"
4/9/2012,"13,940.66"
3/9/2012,"14,099.05"
31/08/12,"14,088.52"
30/08/12,"14,046.85"
29/08/12,"14,195.65"
28/08/12,"14,303.24"
27/08/12,"14,199.69"
24/08/12,"14,162.35"
23/08/12,"14,198.26"
22/08/12,"14,245.24"
21/08/12,"14,204.05"
17/08/12,"14,245.48"
16/08/12,"14,242.27"
15/08/12,"14,076.43"
14/08/12,"13,927.67"
13/08/12,"13,895.06"
10/8/2012,"13,872.59"
9/8/2012,"13,669.43"
8/8/2012,"13,283.02"
6/8/2012,"13,429.17"
3/8/2012,"13,487.40"
2/8/2012,"13,486.40"
1/8/2012,"13,673.38"
31/07/12,"13,768.45"
30/07/12,"13,889.44"
27/07/12,"13,858.17"
26/07/12,"13,489.24"
25/07/12,"13,373.03"
24/07/12,"13,558.91"
23/07/12,"13,576.66"
19/07/12,"13,723.39"
18/07/12,"13,671.90"
17/07/12,"13,653.13"
16/07/12,"13,576.91"
13/07/12,"13,664.64"
12/7/2012,"13,508.03"
11/7/2012,"13,675.13"
10/7/2012,"13,563.46"
9/7/2012,"13,713.28"
6/7/2012,"13,711.64"
5/7/2012,"13,823.86"
4/7/2012,"13,723.33"
3/7/2012,"13,703.17"
29/06/12,"13,417.51"
28/06/12,"13,213.30"
27/06/12,"13,425.65"
26/06/12,"13,141.90"
25/06/12,"13,081.10"
22/06/12,"13,439.95"
21/06/12,"13,552.38"
20/06/12,"13,966.57"
19/06/12,"13,995.65"
15/06/12,"13,884.36"
14/06/12,"13,943.74"
13/06/12,"13,899.07"
12/6/2012,"13,901.89"
8/6/2012,"14,036.93"
7/6/2012,"14,149.32"
6/6/2012,"14,094.59"
5/6/2012,"14,014.05"
4/6/2012,"14,041.42"
1/6/2012,"14,130.05"
31/05/12,"14,586.57"
30/05/12,"14,395.27"
29/05/12,"14,637.75"
28/05/12,"14,442.18"
25/05/12,"14,473.77"
24/05/12,"14,455.85"
23/05/12,"14,519.91"
22/05/12,"14,588.05"
18/05/12,"14,393.48"
17/05/12,"14,293.73"
16/05/12,"14,535.49"
15/05/12,"14,581.17"
14/05/12,"14,685.95"
11/5/2012,"15,017.55"
10/5/2012,"15,051.50"
9/5/2012,"15,169.65"
8/5/2012,"15,187.15"
7/5/2012,"15,240.93"
4/5/2012,"15,208.24"
3/5/2012,"15,423.75"
2/5/2012,"15,460.97"
30/04/12,"15,215.78"
27/04/12,"15,131.01"
26/04/12,"15,086.00"
25/04/12,"14,957.25"
24/04/12,"14,830.18"
23/04/12,"14,915.56"
20/04/12,"15,016.67"
19/04/12,"14,998.22"
18/04/12,"15,123.47"
17/04/12,"15,180.66"
16/04/12,"15,138.58"
13/04/12,"15,073.02"
12/4/2012,"15,114.98"
11/4/2012,"15,114.20"
10/4/2012,"14,864.86"
9/4/2012,"14,900.33"
4/4/2012,"14,949.73"
3/4/2012,"15,003.53"
2/4/2012,"15,038.71"
30/03/12,"15,038.26"
29/03/12,"15,154.97"
28/03/12,"15,014.85"
27/03/12,"14,956.00"
26/03/12,"15,109.53"
23/03/12,"14,955.57"
22/03/12,"14,674.14"
21/03/12,"14,831.24"
20/03/12,"14,784.44"
16/03/12,"14,892.58"
15/03/12,"15,214.39"
14/03/12,"15,169.35"
13/03/12,"15,288.01"
12/3/2012,"15,029.99"
9/3/2012,"15,040.23"
8/3/2012,"14,973.31"
7/3/2012,"14,827.65"
6/3/2012,"14,800.17"
5/3/2012,"15,152.57"
2/3/2012,"15,209.56"
1/3/2012,"15,169.74"
29/02/12,"14,932.81"
28/02/12,"14,727.00"
27/02/12,"14,800.38"
24/02/12,"14,954.30"
23/02/12,"14,921.95"
22/02/12,"14,566.05"
21/02/12,"14,570.92"
20/02/12,"14,646.81"
17/02/12,"14,573.77"
16/02/12,"14,521.57"
15/02/12,"14,275.68"
14/02/12,"14,220.55"
13/02/12,"14,158.93"
10/2/2012,"14,084.97"
9/2/2012,"14,111.22"
8/2/2012,"14,052.98"
7/2/2012,"14,019.03"
6/2/2012,"13,940.14"
3/2/2012,"13,954.58"
2/2/2012,"13,918.23"
1/2/2012,"13,870.60"
31/01/12,"13,863.33"
30/01/12,"13,766.91"
27/01/12,"13,595.07"
26/01/12,"13,582.29"
25/01/12,"13,654.22"
24/01/12,"13,543.15"
23/01/12,"13,579.77"
20/01/12,"13,499.58"
19/01/12,"13,476.59"
18/01/12,"13,467.94"
17/01/12,"13,291.73"
16/01/12,"13,080.71"
13/01/12,"13,123.86"
12/1/2012,"13,079.57"
11/1/2012,"13,274.18"
10/1/2012,"13,307.98"
9/1/2012,"12,932.56"
6/1/2012,"12,932.56"
5/1/2012,"12,972.03"
4/1/2012,"12,934.52"
3/1/2012,"12,951.94"
2/1/2012,"12,735.77"
30/12/11,"12,665.71"
29/12/11,"12,665.71"
28/12/11,"12,693.02"
27/12/11,"12,693.02"
26/12/11,"12,667.06"
23/12/11,"12,778.96"
22/12/11,"12,798.20"
21/12/11,"12,647.34"
20/12/11,"12,688.95"
19/12/11,"12,489.13"
16/12/11,"12,590.31"
15/12/11,"12,314.19"
14/12/11,"12,407.92"
13/12/11,"12,770.03"
12/12/2011,"12,770.03"
9/12/2011,"12,819.47"
7/12/2011,"12,884.55"
6/12/2011,"12,665.32"
5/12/2011,"12,900.32"
2/12/2011,"13,011.24"
1/12/2011,"12,924.52"
30/11/11,"12,924.33"
29/11/11,"12,529.52"
28/11/11,"12,501.82"
25/11/11,"12,163.00"
24/11/11,"12,168.17"
23/11/11,"12,151.08"
22/11/11,"12,465.03"
21/11/11,"12,480.09"
18/11/11,"12,668.61"
17/11/11,"12,707.62"
16/11/11,"12,723.22"
15/11/11,"12,821.41"
11/11/2011,"12,892.48"
10/11/2011,"12,714.19"
9/11/2011,"12,781.74"
8/11/2011,"13,055.76"
4/11/2011,"13,017.65"
3/11/2011,"13,256.92"
2/11/2011,"13,024.52"
1/11/2011,"13,077.68"
31/10/11,"13,322.06"
28/10/11,"13,527.44"
27/10/11,"13,391.29"
26/10/11,"13,391.29"
25/10/11,"13,386.36"
24/10/11,"13,603.34"
21/10/11,"13,507.95"
20/10/11,"13,363.53"
19/10/11,"13,358.03"
18/10/11,"13,463.17"
14/10/11,"13,355.48"
13/10/11,"13,307.11"
12/10/2011,"13,288.15"
11/10/2011,"13,063.42"
10/10/2011,"13,097.07"
7/10/2011,"12,871.86"
6/10/2011,"12,965.01"
5/10/2011,"12,693.99"
4/10/2011,"12,579.23"
3/10/2011,"12,518.78"
30/09/11,"12,915.80"
29/09/11,"12,933.41"
28/09/11,"12,878.30"
27/09/11,"12,968.43"
26/09/11,"12,853.70"
23/09/11,"12,971.77"
22/09/11,"13,187.09"
21/09/11,"13,640.22"
20/09/11,"13,879.58"
19/09/11,"13,838.99"
16/09/11,"13,884.17"
15/09/11,"13,684.26"
14/09/11,"13,555.00"
13/09/11,"13,486.61"
12/9/2011,"13,417.83"
9/9/2011,"13,413.45"
8/9/2011,"13,515.50"
7/9/2011,"13,543.30"
6/9/2011,"13,429.43"
5/9/2011,"13,210.79"
2/9/2011,"13,458.55"
1/9/2011,"13,470.37"
31/08/11,"13,421.00"
30/08/11,"13,499.62"
29/08/11,"13,476.02"
26/08/11,"13,208.27"
25/08/11,"13,200.37"
24/08/11,"13,343.79"
23/08/11,"13,276.95"
22/08/11,"13,050.58"
19/08/11,"12,948.56"
18/08/11,"13,049.39"
17/08/11,"13,473.33"
16/08/11,"13,489.13"
12/8/2011,"13,413.84"
11/8/2011,"13,262.02"
10/8/2011,"13,071.59"
9/8/2011,"13,086.20"
8/8/2011,"12,702.19"
5/8/2011,"13,247.13"
4/8/2011,"13,420.71"
3/8/2011,"13,868.93"
2/8/2011,"13,957.98"
1/8/2011,"14,100.52"
29/07/11,"14,039.31"
28/07/11,"14,069.38"
27/07/11,"13,945.91"
26/07/11,"14,052.59"
25/07/11,"13,878.85"
22/07/11,"13,822.90"
21/07/11,"13,880.90"
19/07/11,"13,591.02"
18/07/11,"13,189.13"
15/07/11,"13,134.13"
14/07/11,"13,134.13"
13/07/11,"13,343.71"
12/7/2011,"13,271.70"
11/7/2011,"13,372.39"
8/7/2011,"13,740.63"
7/7/2011,"13,846.66"
6/7/2011,"13,865.99"
5/7/2011,"14,159.21"
1/7/2011,"14,015.58"
30/06/11,"14,067.73"
29/06/11,"14,204.34"
28/06/11,"14,137.69"
24/06/11,"14,131.72"
23/06/11,"14,214.98"
22/06/11,"14,274.10"
21/06/11,"14,197.88"
20/06/11,"14,058.45"
17/06/11,"14,031.16"
16/06/11,"14,026.12"
15/06/11,"14,030.47"
14/06/11,"14,272.90"
13/06/11,"14,248.27"
10/6/2011,"14,406.57"
9/6/2011,"14,424.11"
8/6/2011,"14,438.69"
7/6/2011,"14,416.15"
3/6/2011,"14,444.02"
2/6/2011,"14,443.03"
1/6/2011,"14,462.77"
31/05/11,"14,550.52"
30/05/11,"14,388.46"
27/05/11,"14,338.10"
26/05/11,"14,343.92"
25/05/11,"14,180.03"
24/05/11,"14,148.14"
23/05/11,"14,128.23"
20/05/11,"14,129.43"
19/05/11,"14,115.18"
18/05/11,"14,209.12"
17/05/11,"14,245.16"
16/05/11,"14,163.89"
13/05/11,"14,262.56"
12/5/2011,"14,276.59"
11/5/2011,"14,201.11"
10/5/2011,"14,173.14"
9/5/2011,"13,977.61"
6/5/2011,"13,841.64"
5/5/2011,"13,767.12"
4/5/2011,"14,070.68"
3/5/2011,"14,113.62"
2/5/2011,"14,316.39"
29/04/11,"14,384.20"
28/04/11,"14,300.67"
27/04/11,"14,231.55"
26/04/11,"14,295.90"
25/04/11,"14,236.78"
20/04/11,"14,342.66"
19/04/11,"14,052.65"
18/04/11,"13,938.08"
15/04/11,"14,102.75"
14/04/11,"14,071.38"
13/04/11,"14,260.01"
12/4/2011,"14,196.15"
11/4/2011,"14,482.01"
8/4/2011,"14,556.07"
7/4/2011,"14,668.79"
6/4/2011,"14,632.93"
5/4/2011,"14,607.09"
4/4/2011,"14,367.88"
1/4/2011,"14,364.27"
31/03/11,"14,469.66"
30/03/11,"14,303.74"
29/03/11,"14,361.45"
28/03/11,"14,479.66"
25/03/11,"14,556.84"
24/03/11,"14,667.28"
23/03/11,"14,646.62"
22/03/11,"14,608.62"
18/03/11,"14,649.35"
17/03/11,"14,407.42"
16/03/11,"13,877.37"
15/03/11,"13,942.09"
14/03/11,"14,289.95"
11/3/2011,"14,538.42"
10/3/2011,"14,862.89"
9/3/2011,"15,187.99"
8/3/2011,"15,115.33"
7/3/2011,"15,283.51"
4/3/2011,"15,381.15"
3/3/2011,"15,334.59"
2/3/2011,"15,140.43"
1/3/2011,"15,134.22"
28/02/11,"15,008.36"
25/02/11,"14,746.12"
24/02/11,"14,576.47"
23/02/11,"14,602.91"
22/02/11,"14,289.45"
21/02/11,"14,263.52"
18/02/11,"14,127.75"
17/02/11,"14,329.74"
16/02/11,"14,487.19"
15/02/11,"14,498.10"
14/02/11,"14,544.59"
11/2/2011,"14,443.58"
10/2/2011,"14,427.35"
9/2/2011,"14,504.31"
8/2/2011,"14,548.36"
7/2/2011,"14,417.71"
4/2/2011,"14,619.62"
3/2/2011,"14,850.61"
2/2/2011,"14,943.01"
1/2/2011,"15,027.20"
31/01/11,"15,077.93"
28/01/11,"15,066.08"
27/01/11,"15,090.22"
26/01/11,"15,098.13"
25/01/11,"14,908.90"
24/01/11,"14,955.57"
21/01/11,"14,951.81"
20/01/11,"14,798.71"
19/01/11,"14,951.05"
18/01/11,"15,149.39"
17/01/11,"15,208.48"
14/01/11,"15,175.86"
13/01/11,"15,227.75"
12/1/2011,"15,168.44"
11/1/2011,"15,000.92"
7/1/2011,"14,962.86"
6/1/2011,"15,040.01"
5/1/2011,"15,255.57"
4/1/2011,"15,270.85"
3/1/2011,"15,306.33"
30/12/10,"15,496.77"
29/12/10,"15,542.77"
28/12/10,"15,660.89"
27/12/10,"15,805.05"
24/12/10,"15,667.49"
23/12/10,"15,617.79"
22/12/10,"15,523.63"
21/12/10,"15,380.06"
20/12/10,"15,308.76"
17/12/10,"15,379.05"
16/12/10,"15,384.47"
15/12/10,"15,353.98"
14/12/10,"15,539.89"
13/12/10,"15,507.31"
10/12/2010,"15,399.83"
9/12/2010,"15,364.74"
7/12/2010,"15,448.08"
6/12/2010,"15,463.50"
3/12/2010,"15,377.64"
2/12/2010,"15,338.23"
1/12/2010,"15,081.78"
30/11/10,"14,935.58"
29/11/10,"14,822.30"
26/11/10,"14,915.26"
25/11/10,"15,035.74"
24/11/10,"15,062.09"
23/11/10,"14,708.00"
22/11/10,"14,925.77"
19/11/10,"14,955.20"
18/11/10,"15,266.73"
17/11/10,"15,067.22"
16/11/10,"14,575.07"
12/11/2010,"15,170.50"
11/11/2010,"15,460.18"
10/11/2010,"15,830.63"
9/11/2010,"16,243.07"
8/11/2010,"16,263.59"
5/11/2010,"16,278.88"
4/11/2010,"16,262.62"
3/11/2010,"16,096.99"
2/11/2010,"16,003.97"
29/10/10,"15,899.57"
28/10/10,"15,662.36"
27/10/10,"15,563.17"
26/10/10,"15,626.32"
25/10/10,"15,866.00"
22/10/10,"15,915.86"
21/10/10,"15,715.95"
20/10/10,"15,576.68"
19/10/10,"15,531.71"
15/10/10,"15,317.15"
14/10/10,"15,464.31"
13/10/10,"15,567.54"
12/10/2010,"15,415.32"
11/10/2010,"15,405.39"
8/10/2010,"15,233.82"
7/10/2010,"15,059.61"
6/10/2010,"15,169.07"
5/10/2010,"14,927.93"
4/10/2010,"14,688.34"
1/10/2010,"14,697.55"
30/09/10,"14,710.97"
29/09/10,"14,701.55"
28/09/10,"14,520.47"
27/09/10,"14,252.12"
24/09/10,"14,125.10"
23/09/10,"14,064.04"
22/09/10,"14,170.36"
21/09/10,"14,246.03"
20/09/10,"14,204.45"
17/09/10,"14,043.50"
16/09/10,"14,086.69"
15/09/10,"14,095.68"
14/09/10,"14,193.31"
13/09/10,"14,128.29"
10/9/2010,"14,147.34"
9/9/2010,"14,374.50"
8/9/2010,"14,411.19"
7/9/2010,"14,208.87"
6/9/2010,"14,258.66"
3/9/2010,"14,066.55"
2/9/2010,"13,985.66"
1/9/2010,"14,474.52"
31/08/10,"14,105.47"
30/08/10,"13,908.21"
27/08/10,"13,904.18"
26/08/10,"13,696.42"
25/08/10,"13,588.11"
24/08/10,"13,600.74"
23/08/10,"13,602.04"
20/08/10,"13,453.25"
19/08/10,"13,438.32"
18/08/10,"13,395.84"
17/08/10,"13,339.58"
13/08/10,"13,301.28"
12/8/2010,"13,199.73"
11/8/2010,"13,224.02"
10/8/2010,"13,380.92"
9/8/2010,"13,409.80"
6/8/2010,"13,397.41"
5/8/2010,"13,574.55"
4/8/2010,"13,486.51"
3/8/2010,"13,428.40"
2/8/2010,"13,340.48"
30/07/10,"13,283.28"
29/07/10,"13,195.85"
28/07/10,"13,419.84"
27/07/10,"13,518.26"
26/07/10,"13,480.90"
23/07/10,"13,269.82"
22/07/10,"13,221.02"
21/07/10,"13,203.77"
19/07/10,"12,940.49"
16/07/10,"12,918.72"
15/07/10,"12,957.59"
14/07/10,"12,870.89"
13/07/10,"12,776.95"
12/7/2010,"12,703.92"
9/7/2010,"12,548.47"
8/7/2010,"12,511.31"
7/7/2010,"12,408.70"
6/7/2010,"12,391.55"
2/7/2010,"12,345.01"
1/7/2010,"12,388.51"
30/06/10,"12,449.90"
29/06/10,"12,345.91"
28/06/10,"12,510.27"
25/06/10,"12,522.03"
24/06/10,"12,497.09"
23/06/10,"12,503.67"
22/06/10,"12,485.74"
21/06/10,"12,472.26"
18/06/10,"12,496.31"
17/06/10,"12,406.63"
16/06/10,"12,413.38"
15/06/10,"12,337.96"
11/6/2010,"12,305.77"
10/6/2010,"12,273.20"
9/6/2010,"12,267.24"
8/6/2010,"12,182.97"
4/6/2010,"12,222.65"
3/6/2010,"12,332.77"
2/6/2010,"12,311.27"
1/6/2010,"12,282.16"
31/05/10,"12,236.19"
28/05/10,"12,227.20"
27/05/10,"12,107.97"
26/05/10,"12,101.56"
25/05/10,"11,852.70"
24/05/10,"11,976.50"
21/05/10,"11,869.75"
20/05/10,"11,855.35"
19/05/10,"11,932.91"
18/05/10,"12,021.47"
14/05/10,"12,220.51"
13/05/10,"12,347.53"
12/5/2010,"12,341.01"
11/5/2010,"12,289.79"
10/5/2010,"12,215.94"
7/5/2010,"12,003.37"
6/5/2010,"11,969.15"
5/5/2010,"12,319.61"
4/5/2010,"12,593.10"
3/5/2010,"12,697.70"
30/04/10,"12,512.61"
29/04/10,"12,512.15"
28/04/10,"12,369.12"
27/04/10,"12,469.08"
26/04/10,"12,585.69"
23/04/10,"12,615.10"
22/04/10,"12,514.47"
21/04/10,"12,477.06"
20/04/10,"12,425.36"
19/04/10,"12,289.67"
16/04/10,"12,362.14"
15/04/10,"12,526.89"
14/04/10,"12,512.65"
13/04/10,"12,398.73"
12/4/2010,"12,385.99"
9/4/2010,"12,369.36"
8/4/2010,"12,397.66"
7/4/2010,"12,360.39"
6/4/2010,"12,266.98"
5/4/2010,"12,190.87"
31/03/10,"12,118.31"
30/03/10,"12,042.19"
29/03/10,"12,016.40"
26/03/10,"11,965.32"
25/03/10,"12,006.68"
24/03/10,"11,978.01"
23/03/10,"12,008.56"
19/03/10,"11,920.52"
18/03/10,"12,066.36"
17/03/10,"12,046.44"
16/03/10,"11,890.11"
15/03/10,"11,826.61"
12/3/2010,"11,870.26"
11/3/2010,"11,849.16"
10/3/2010,"11,836.31"
9/3/2010,"11,852.19"
8/3/2010,"11,900.35"
5/3/2010,"11,815.59"
4/3/2010,"11,811.27"
3/3/2010,"11,836.59"
2/3/2010,"11,737.08"
1/3/2010,"11,753.52"
26/02/10,"11,724.52"
25/02/10,"11,670.03"
24/02/10,"11,797.69"
23/02/10,"11,621.04"
22/02/10,"11,596.57"
19/02/10,"11,588.01"
18/02/10,"11,462.93"
17/02/10,"11,538.43"
16/02/10,"11,530.89"
15/02/10,"11,474.14"
12/2/2010,"11,469.31"
11/2/2010,"11,476.25"
10/2/2010,"11,442.82"
9/2/2010,"11,377.28"
8/2/2010,"11,234.23"
5/2/2010,"11,222.65"
4/2/2010,"11,333.99"
3/2/2010,"11,501.64"
2/2/2010,"11,551.99"
1/2/2010,"11,510.00"
29/01/10,"11,551.45"
28/01/10,"11,469.81"
27/01/10,"11,453.94"
26/01/10,"11,475.95"
25/01/10,"11,378.82"
22/01/10,"11,536.20"
21/01/10,"11,469.90"
20/01/10,"11,730.08"
19/01/10,"11,780.68"
18/01/10,"11,717.17"
15/01/10,"11,718.81"
14/01/10,"11,709.91"
13/01/10,"11,639.31"
12/1/2010,"11,575.90"
8/1/2010,"11,647.21"
7/1/2010,"11,594.89"
6/1/2010,"11,626.59"
5/1/2010,"11,667.41"
4/1/2010,"11,641.37"
30/12/09,"11,602.14"
29/12/09,"11,568.90"
28/12/09,"11,562.42"
24/12/09,"11,614.81"
23/12/09,"11,511.72"
22/12/09,"11,365.58"
21/12/09,"11,576.06"
18/12/09,"11,594.05"
17/12/09,"11,703.47"
16/12/09,"11,683.43"
15/12/09,"11,592.81"
14/12/09,"11,540.18"
11/12/2009,"11,538.39"
10/12/2009,"11,478.70"
9/12/2009,"11,545.53"
7/12/2009,"11,563.00"
4/12/2009,"11,561.41"
3/12/2009,"11,558.76"
2/12/2009,"11,423.48"
1/12/2009,"11,376.05"
30/11/09,"11,245.01"
27/11/09,"11,348.26"
26/11/09,"11,248.55"
25/11/09,"11,382.69"
24/11/09,"11,248.02"
23/11/09,"11,199.38"
20/11/09,"11,172.02"
19/11/09,"11,160.59"
18/11/09,"11,132.46"
17/11/09,"11,250.10"
13/11/09,"11,216.45"
12/11/2009,"11,191.69"
11/11/2009,"11,086.74"
10/11/2009,"11,088.11"
9/11/2009,"11,092.60"
6/11/2009,"10,920.04"
5/11/2009,"10,950.36"
4/11/2009,"10,765.81"
3/11/2009,"10,536.74"
30/10/09,"10,687.03"
29/10/09,"10,921.26"
28/10/09,"10,824.26"
27/10/09,"10,808.19"
26/10/09,"10,897.88"
23/10/09,"11,012.26"
22/10/09,"11,008.88"
21/10/09,"11,081.45"
20/10/09,"11,059.08"
19/10/09,"11,158.83"
16/10/09,"10,942.50"
15/10/09,"10,863.17"
14/10/09,"10,899.97"
13/10/09,"10,943.32"
9/10/2009,"11,181.44"
8/10/2009,"11,288.30"
7/10/2009,"11,353.42"
6/10/2009,"11,376.81"
5/10/2009,"11,255.87"
2/10/2009,"11,152.54"
1/10/2009,"11,153.52"
30/09/09,"11,257.91"
29/09/09,"11,183.36"
28/09/09,"11,264.38"
25/09/09,"11,078.43"
24/09/09,"10,958.86"
23/09/09,"10,984.78"
22/09/09,"10,911.94"
21/09/09,"10,845.08"
18/09/09,"10,913.64"
17/09/09,"10,762.21"
16/09/09,"10,808.85"
15/09/09,"10,799.22"
14/09/09,"10,493.95"
11/9/2009,"10,524.06"
10/9/2009,"10,556.10"
9/9/2009,"10,627.87"
8/9/2009,"10,660.24"
7/9/2009,"10,475.75"
4/9/2009,"10,423.46"
3/9/2009,"10,279.39"
2/9/2009,"10,355.38"
1/9/2009,"10,341.88"
31/08/09,"10,604.48"
28/08/09,"10,642.06"
27/08/09,"10,618.18"
26/08/09,"10,671.23"
25/08/09,"10,756.85"
24/08/09,"10,766.28"
21/08/09,"10,616.40"
20/08/09,"10,557.75"
19/08/09,"10,474.11"
18/08/09,"10,449.88"
14/08/09,"10,501.94"
13/08/09,"10,516.52"
12/8/2009,"10,426.12"
11/8/2009,"10,437.42"
10/8/2009,"10,517.47"
6/8/2009,"10,437.56"
5/8/2009,"10,375.36"
4/8/2009,"10,426.17"
3/8/2009,"10,397.99"
31/07/09,"10,329.95"
30/07/09,"10,268.90"
29/07/09,"10,044.42"
28/07/09,"10,063.68"
27/07/09,"10,241.50"
24/07/09,"10,285.59"
23/07/09,"10,283.69"
22/07/09,"10,014.01"
21/07/09,"9,969.77"
17/07/09,"9,893.91"
16/07/09,"9,786.32"
15/07/09,"9,747.12"
14/07/09,"9,692.95"
13/07/09,"9,627.66"
10/7/2009,"9,628.78"
9/7/2009,"9,645.34"
8/7/2009,"9,811.53"
7/7/2009,"9,956.37"
6/7/2009,"9,943.84"
3/7/2009,"9,984.89"
2/7/2009,"10,009.68"
1/7/2009,"10,024.52"
30/06/09,"9,879.73"
26/06/09,"9,797.95"
25/06/09,"9,805.38"
24/06/09,"9,703.33"
23/06/09,"9,721.91"
19/06/09,"9,749.20"
18/06/09,"9,712.02"
17/06/09,"9,599.73"
16/06/09,"9,571.99"
12/6/2009,"9,672.86"
11/6/2009,"9,630.54"
10/6/2009,"9,452.40"
9/6/2009,"9,429.90"
8/6/2009,"9,406.43"
5/6/2009,"9,428.42"
4/6/2009,"9,414.17"
3/6/2009,"9,312.00"
2/6/2009,"9,377.89"
1/6/2009,"9,431.53"
29/05/09,"9,262.72"
28/05/09,"9,207.94"
27/05/09,"9,129.13"
26/05/09,"9,169.76"
22/05/09,"9,090.75"
21/05/09,"9,112.90"
20/05/09,"9,254.98"
19/05/09,"9,224.96"
18/05/09,"9,068.58"
15/05/09,"8,964.57"
14/05/09,"8,988.27"
13/05/09,"8,907.15"
12/5/2009,"9,030.93"
11/5/2009,"8,962.33"
8/5/2009,"9,091.33"
7/5/2009,"8,737.39"
6/5/2009,"8,574.18"
5/5/2009,"8,473.70"
4/5/2009,"8,468.43"
30/04/09,"8,331.80"
29/04/09,"8,362.53"
28/04/09,"8,240.07"
27/04/09,"8,233.23"
24/04/09,"8,291.21"
23/04/09,"8,092.67"
22/04/09,"8,045.23"
21/04/09,"8,046.62"
20/04/09,"8,041.74"
17/04/09,"8,096.48"
16/04/09,"8,135.32"
15/04/09,"8,131.49"
14/04/09,"8,112.09"
13/04/09,"8,047.94"
8/4/2009,"8,158.41"
7/4/2009,"8,170.40"
6/4/2009,"8,152.71"
3/4/2009,"8,144.63"
2/4/2009,"8,170.68"
1/4/2009,"8,044.33"
31/03/09,"8,022.97"
30/03/09,"7,928.02"
27/03/09,"8,011.87"
26/03/09,"7,994.19"
25/03/09,"8,031.19"
24/03/09,"8,039.13"
20/03/09,"7,969.89"
19/03/09,"7,979.56"
18/03/09,"7,894.37"
17/03/09,"7,866.20"
16/03/09,"7,914.38"
13/03/09,"7,857.44"
12/3/2009,"7,799.17"
11/3/2009,"7,735.41"
10/3/2009,"7,775.43"
9/3/2009,"7,666.12"
6/3/2009,"7,695.84"
5/3/2009,"7,646.51"
4/3/2009,"7,764.58"
3/3/2009,"7,651.05"
2/3/2009,"7,610.56"
27/02/09,"7,807.86"
26/02/09,"7,749.62"
25/02/09,"7,619.63"
24/02/09,"7,515.07"
23/02/09,"7,580.73"
20/02/09,"7,614.41"
19/02/09,"7,745.62"
18/02/09,"7,752.99"
17/02/09,"7,846.91"
16/02/09,"8,009.12"
13/02/09,"8,054.04"
12/2/2009,"7,957.55"
11/2/2009,"8,022.16"
10/2/2009,"8,053.62"
9/2/2009,"8,077.98"
6/2/2009,"8,055.79"
5/2/2009,"7,926.65"
4/2/2009,"7,869.15"
3/2/2009,"7,779.37"
2/2/2009,"7,727.84"
30/01/09,"7,788.30"
29/01/09,"7,697.77"
28/01/09,"7,703.32"
27/01/09,"7,608.91"
26/01/09,"7,575.75"
23/01/09,"7,488.92"
22/01/09,"7,455.57"
21/01/09,"7,468.32"
20/01/09,"7,502.65"
19/01/09,"7,576.64"
16/01/09,"7,526.31"
15/01/09,"7,516.15"
14/01/09,"7,610.75"
13/01/09,"7,747.67"
9/1/2009,"7,765.53"
8/1/2009,"7,720.39"
7/1/2009,"7,719.71"
6/1/2009,"7,855.65"
5/1/2009,"7,672.85"
2/1/2009,"7,623.22"
30/12/08,"7,560.68"
29/12/08,"7,522.52"
26/12/08,"7,561.25"
24/12/08,"7,537.20"
23/12/08,"7,583.01"
22/12/08,"7,624.83"
19/12/08,"7,586.68"
18/12/08,"7,596.73"
17/12/08,"7,738.88"
16/12/08,"7,803.29"
15/12/08,"7,813.44"
12/12/2008,"7,732.45"
11/12/2008,"7,774.08"
10/12/2008,"7,679.07"
9/12/2008,"7,527.91"
5/12/2008,"7,349.61"
4/12/2008,"7,423.18"
3/12/2008,"7,381.10"
2/12/2008,"7,232.30"
1/12/2008,"7,174.39"
28/11/08,"7,314.81"
27/11/08,"7,371.32"
26/11/08,"7,230.03"
25/11/08,"7,085.45"
24/11/08,"7,030.35"
21/11/08,"6,812.05"
20/11/08,"6,904.50"
19/11/08,"7,010.52"
18/11/08,"7,029.74"
14/11/08,"7,180.01"
13/11/08,"6,956.73"
12/11/2008,"6,998.33"
11/11/2008,"7,071.90"
10/11/2008,"7,124.16"
7/11/2008,"7,152.52"
6/11/2008,"6,873.63"
5/11/2008,"7,183.26"
4/11/2008,"7,419.09"
31/10/08,"7,226.03"
30/10/08,"7,178.86"
29/10/08,"6,958.72"
28/10/08,"6,657.46"
27/10/08,"6,460.85"
24/10/08,"6,671.42"
23/10/08,"7,067.92"
22/10/08,"7,284.82"
21/10/08,"7,658.38"
20/10/08,"7,689.12"
17/10/08,"7,596.25"
16/10/08,"7,395.15"
15/10/08,"7,666.79"
14/10/08,"8,192.50"
10/10/2008,"7,502.73"
9/10/2008,"8,216.27"
8/10/2008,"8,410.52"
7/10/2008,"8,691.03"
6/10/2008,"8,761.49"
3/10/2008,"9,209.44"
2/10/2008,"9,213.06"
1/10/2008,"9,296.89"
30/09/08,"9,248.46"
29/09/08,"9,139.75"
26/09/08,"9,361.53"
25/09/08,"9,425.38"
24/09/08,"9,300.10"
23/09/08,"9,171.15"
22/09/08,"9,337.97"
19/09/08,"9,331.77"
18/09/08,"9,012.04"
17/09/08,"9,009.54"
16/09/08,"9,194.87"
15/09/08,"9,556.03"
12/9/2008,"9,749.43"
11/9/2008,"9,733.89"
10/9/2008,"9,598.16"
9/9/2008,"9,558.97"
8/9/2008,"9,555.61"
5/9/2008,"9,440.32"
4/9/2008,"9,518.43"
3/9/2008,"9,621.19"
2/9/2008,"9,649.04"
1/9/2008,"9,709.19"
29/08/08,"9,375.01"
28/08/08,"9,238.50"
27/08/08,"9,052.25"
26/08/08,"8,993.45"
25/08/08,"8,999.58"
22/08/08,"9,036.92"
21/08/08,"9,041.72"
20/08/08,"8,973.04"
19/08/08,"8,913.36"
15/08/08,"8,939.39"
14/08/08,"8,863.15"
13/08/08,"8,925.97"
12/8/2008,"8,833.36"
11/8/2008,"8,897.74"
8/8/2008,"8,931.69"
6/8/2008,"8,888.92"
5/8/2008,"8,956.36"
4/8/2008,"8,948.10"
1/8/2008,"9,085.99"
31/07/08,"9,061.21"
30/07/08,"8,938.93"
29/07/08,"8,798.24"
28/07/08,"8,797.82"
25/07/08,"8,897.41"
24/07/08,"8,832.72"
23/07/08,"8,801.62"
22/07/08,"8,761.32"
21/07/08,"8,836.05"
18/07/08,"8,798.44"
17/07/08,"8,790.25"
16/07/08,"8,719.38"
15/07/08,"8,734.08"
14/07/08,"8,866.37"
11/7/2008,"8,910.47"
10/7/2008,"9,039.28"
9/7/2008,"9,071.61"
8/7/2008,"9,000.56"
7/7/2008,"9,135.33"
4/7/2008,"9,227.68"
3/7/2008,"9,172.75"
2/7/2008,"9,001.16"
1/7/2008,"9,006.78"
27/06/08,"9,179.04"
26/06/08,"9,158.32"
25/06/08,"9,293.28"
24/06/08,"9,287.92"
23/06/08,"9,306.59"
20/06/08,"9,308.48"
19/06/08,"9,159.79"
18/06/08,"9,475.40"
17/06/08,"9,589.20"
16/06/08,"9,697.53"
13/06/08,"9,711.15"
12/6/2008,"9,710.95"
11/6/2008,"9,711.95"
10/6/2008,"9,728.83"
9/6/2008,"9,865.44"
6/6/2008,"9,991.60"
5/6/2008,"9,998.23"
4/6/2008,"10,005.52"
3/6/2008,"9,918.21"
30/05/08,"10,042.54"
29/05/08,"9,952.11"
28/05/08,"9,854.80"
27/05/08,"9,823.33"
23/05/08,"9,894.01"
22/05/08,"9,962.54"
21/05/08,"10,011.93"
20/05/08,"9,987.86"
19/05/08,"10,079.04"
16/05/08,"10,080.20"
15/05/08,"10,165.81"
14/05/08,"10,210.92"
13/05/08,"10,131.73"
12/5/2008,"10,097.97"
9/5/2008,"10,049.40"
8/5/2008,"10,004.82"
7/5/2008,"10,107.46"
6/5/2008,"10,297.14"
2/5/2008,"10,178.36"
30/04/08,"9,921.38"
29/04/08,"9,778.07"
28/04/08,"9,732.03"
25/04/08,"9,677.52"
24/04/08,"9,633.02"
23/04/08,"9,567.16"
22/04/08,"9,647.08"
21/04/08,"9,677.48"
18/04/08,"9,656.63"
17/04/08,"9,467.15"
16/04/08,"9,442.80"
15/04/08,"9,369.31"
14/04/08,"9,240.40"
11/4/2008,"9,217.39"
10/4/2008,"9,305.76"
9/4/2008,"9,460.35"
8/4/2008,"9,406.15"
7/4/2008,"9,412.30"
4/4/2008,"9,359.56"
3/4/2008,"9,303.05"
2/4/2008,"9,233.61"
1/4/2008,"9,199.73"
31/03/08,"8,973.88"
28/03/08,"8,957.74"
27/03/08,"8,951.46"
26/03/08,"9,001.61"
25/03/08,"9,073.67"
19/03/08,"9,121.88"
18/03/08,"9,109.67"
17/03/08,"9,001.79"
14/03/08,"9,112.96"
13/03/08,"9,226.06"
12/3/2008,"9,212.43"
11/3/2008,"9,176.69"
10/3/2008,"9,164.75"
7/3/2008,"9,153.23"
6/3/2008,"8,917.61"
5/3/2008,"9,005.93"
4/3/2008,"8,561.11"
3/3/2008,"8,969.43"
29/02/08,"9,191.93"
28/02/08,"9,341.67"
27/02/08,"9,400.91"
26/02/08,"9,454.65"
25/02/08,"9,454.44"
22/02/08,"9,469.77"
21/02/08,"9,479.13"
20/02/08,"9,448.34"
19/02/08,"9,467.51"
18/02/08,"9,469.09"
15/02/08,"9,309.22"
14/02/08,"9,303.36"
13/02/08,"9,166.48"
12/2/2008,"9,149.18"
11/2/2008,"9,233.31"
8/2/2008,"9,050.07"
7/2/2008,"8,812.65"
6/2/2008,"8,875.89"
5/2/2008,"9,117.90"
4/2/2008,"9,305.92"
1/2/2008,"9,180.12"
31/01/08,"9,107.38"
30/01/08,"9,119.23"
29/01/08,"9,221.66"
28/01/08,"9,091.69"
25/01/08,"9,282.82"
24/01/08,"9,185.47"
23/01/08,"8,753.72"
22/01/08,"8,678.72"
21/01/08,"8,251.23"
18/01/08,"8,934.90"
17/01/08,"9,227.70"
16/01/08,"9,586.46"
15/01/08,"9,804.02"
14/01/08,"10,032.79"
11/1/2008,"10,259.80"
10/1/2008,"10,369.59"
9/1/2008,"10,360.82"
8/1/2008,"10,428.49"
4/1/2008,"10,659.56"
3/1/2008,"10,672.36"
2/1/2008,"10,648.54"
28/12/07,"10,694.18"
27/12/07,"10,681.34"
26/12/07,"10,683.24"
24/12/07,"10,767.05"
21/12/07,"10,691.06"
20/12/07,"10,624.76"
19/12/07,"10,508.04"
18/12/07,"10,411.71"
17/12/07,"10,694.32"
14/12/07,"10,838.25"
13/12/07,"10,797.90"
12/12/2007,"10,829.82"
11/12/2007,"10,910.75"
10/12/2007,"10,719.25"
7/12/2007,"10,793.34"
6/12/2007,"10,917.98"
5/12/2007,"11,002.69"
4/12/2007,"10,954.22"
3/12/2007,"11,131.43"
30/11/07,"11,115.78"
29/11/07,"11,097.33"
28/11/07,"11,212.21"
27/11/07,"11,211.77"
26/11/07,"11,273.98"
23/11/07,"11,438.88"
22/11/07,"11,306.16"
21/11/07,"11,157.23"
20/11/07,"11,227.57"
19/11/07,"11,073.54"
16/11/07,"11,089.71"
15/11/07,"11,039.92"
14/11/07,"10,959.65"
13/11/07,"10,696.27"
9/11/2007,"10,774.57"
8/11/2007,"10,783.63"
7/11/2007,"10,886.54"
6/11/2007,"10,814.71"
2/11/2007,"10,677.10"
1/11/2007,"10,638.43"
31/10/07,"10,630.33"
30/10/07,"10,642.01"
29/10/07,"10,630.60"
26/10/07,"10,515.81"
25/10/07,"10,328.53"
24/10/07,"10,226.79"
23/10/07,"10,284.14"
22/10/07,"10,168.41"
19/10/07,"10,205.72"
18/10/07,"10,277.34"
17/10/07,"10,166.26"
16/10/07,"10,388.63"
12/10/2007,"10,557.27"
11/10/2007,"10,632.19"
10/10/2007,"10,541.69"
9/10/2007,"10,594.22"
8/10/2007,"10,693.90"
5/10/2007,"10,682.59"
4/10/2007,"10,573.47"
3/10/2007,"10,561.88"
2/10/2007,"10,578.57"
1/10/2007,"10,506.08"
28/09/07,"10,434.42"
27/09/07,"10,446.82"
26/09/07,"10,419.95"
25/09/07,"10,399.99"
24/09/07,"10,291.17"
21/09/07,"10,473.76"
20/09/07,"10,473.44"
19/09/07,"10,473.41"
18/09/07,"10,404.83"
17/09/07,"10,361.22"
14/09/07,"10,429.67"
13/09/07,"10,596.76"
12/9/2007,"10,647.65"
11/9/2007,"10,618.76"
10/9/2007,"10,628.67"
7/9/2007,"10,731.63"
6/9/2007,"10,844.40"
5/9/2007,"10,819.91"
4/9/2007,"10,880.84"
3/9/2007,"10,750.79"
31/08/07,"10,728.74"
30/08/07,"10,690.16"
29/08/07,"10,527.83"
28/08/07,"10,503.07"
27/08/07,"10,681.75"
24/08/07,"10,732.49"
23/08/07,"10,467.40"
22/08/07,"10,408.00"
21/08/07,"10,224.34"
17/08/07,"10,230.87"
16/08/07,"9,959.96"
15/08/07,"10,474.83"
14/08/07,"10,494.20"
13/08/07,"10,699.08"
10/8/2007,"10,742.15"
9/8/2007,"10,838.04"
8/8/2007,"11,029.67"
6/8/2007,"10,904.09"
3/8/2007,"10,967.98"
2/8/2007,"10,978.97"
1/8/2007,"10,953.43"
31/07/07,"11,107.54"
30/07/07,"11,020.36"
27/07/07,"11,075.18"
26/07/07,"11,060.74"
25/07/07,"11,205.83"
24/07/07,"11,285.20"
23/07/07,"11,196.62"
19/07/07,"11,241.41"
18/07/07,"11,219.58"
17/07/07,"11,181.93"
16/07/07,"11,070.60"
13/07/07,"10,945.38"
12/7/2007,"11,020.70"
11/7/2007,"10,805.22"
10/7/2007,"10,711.70"
9/7/2007,"10,780.20"
6/7/2007,"10,746.58"
5/7/2007,"10,676.83"
4/7/2007,"10,651.76"
3/7/2007,"10,609.48"
29/06/07,"10,637.66"
28/06/07,"10,729.93"
27/06/07,"10,713.52"
26/06/07,"10,652.36"
25/06/07,"10,604.46"
22/06/07,"10,592.52"
21/06/07,"10,698.91"
20/06/07,"10,586.36"
19/06/07,"10,697.31"
15/06/07,"10,565.66"
14/06/07,"10,484.09"
13/06/07,"10,448.59"
12/6/2007,"10,255.88"
8/6/2007,"10,160.10"
7/6/2007,"10,138.11"
6/6/2007,"10,178.20"
5/6/2007,"10,257.33"
4/6/2007,"10,364.88"
1/6/2007,"10,272.06"
31/05/07,"10,184.35"
30/05/07,"10,011.01"
29/05/07,"10,139.10"
28/05/07,"10,153.26"
25/05/07,"10,200.80"
24/05/07,"10,211.19"
23/05/07,"10,595.60"
22/05/07,"10,427.88"
18/05/07,"10,596.52"
17/05/07,"10,366.59"
16/05/07,"10,389.90"
15/05/07,"10,492.62"
14/05/07,"10,541.57"
11/5/2007,"10,638.63"
10/5/2007,"10,556.85"
9/5/2007,"10,485.89"
8/5/2007,"10,444.11"
7/5/2007,"10,224.97"
4/5/2007,"10,558.25"
3/5/2007,"10,545.84"
2/5/2007,"10,548.09"
30/04/07,"10,807.67"
27/04/07,"10,893.92"
26/04/07,"10,862.26"
25/04/07,"10,823.02"
24/04/07,"10,781.01"
23/04/07,"10,900.69"
20/04/07,"10,832.84"
19/04/07,"10,746.35"
18/04/07,"10,747.51"
17/04/07,"10,729.76"
16/04/07,"10,839.22"
13/04/07,"10,890.47"
12/4/2007,"10,827.71"
11/4/2007,"10,774.11"
10/4/2007,"10,829.25"
9/4/2007,"10,917.26"
4/4/2007,"10,900.19"
3/4/2007,"10,728.03"
2/4/2007,"10,548.17"
30/03/07,"10,686.38"
29/03/07,"10,800.93"
28/03/07,"10,917.24"
27/03/07,"11,042.82"
26/03/07,"10,894.70"
23/03/07,"10,893.93"
22/03/07,"10,756.33"
21/03/07,"10,921.54"
20/03/07,"10,734.24"
16/03/07,"10,397.41"
15/03/07,"10,279.36"
14/03/07,"10,199.02"
13/03/07,"10,307.31"
12/3/2007,"10,418.00"
9/3/2007,"10,423.71"
8/3/2007,"10,399.45"
7/3/2007,"10,185.25"
6/3/2007,"10,125.85"
5/3/2007,"10,052.00"
2/3/2007,"10,193.00"
1/3/2007,"10,146.33"
28/02/07,"10,113.11"
27/02/07,"9,901.11"
26/02/07,"10,371.00"
23/02/07,"10,545.87"
22/02/07,"10,655.84"
21/02/07,"10,666.04"
20/02/07,"10,791.41"
19/02/07,"10,811.48"
16/02/07,"10,855.38"
15/02/07,"10,907.71"
14/02/07,"10,896.37"
13/02/07,"10,806.76"
12/2/2007,"10,766.70"
9/2/2007,"10,894.28"
8/2/2007,"10,876.48"
7/2/2007,"10,911.36"
6/2/2007,"10,905.38"
5/2/2007,"10,942.87"
2/2/2007,"10,937.48"
1/2/2007,"10,912.13"
31/01/07,"10,796.02"
30/01/07,"10,657.17"
29/01/07,"10,569.67"
26/01/07,"10,671.39"
25/01/07,"10,642.22"
24/01/07,"10,741.17"
23/01/07,"10,716.06"
22/01/07,"10,585.24"
19/01/07,"10,794.44"
18/01/07,"10,842.46"
17/01/07,"10,853.44"
16/01/07,"10,823.38"
15/01/07,"10,884.07"
12/1/2007,"10,783.22"
11/1/2007,"10,739.54"
10/1/2007,"10,560.04"
9/1/2007,"10,203.39"
5/1/2007,"10,722.11"
4/1/2007,"11,015.91"
3/1/2007,"11,041.81"
2/1/2007,"10,979.87"
28/12/06,"11,161.14"
27/12/06,"11,108.93"
26/12/06,"11,029.96"
22/12/06,"11,221.44"
21/12/06,"11,146.89"
20/12/06,"11,096.04"
19/12/06,"11,162.74"
18/12/06,"11,158.99"
15/12/06,"11,053.61"
14/12/06,"10,867.59"
13/12/06,"10,637.30"
12/12/2006,"10,537.64"
11/12/2006,"10,512.60"
7/12/2006,"10,508.43"
6/12/2006,"10,523.36"
5/12/2006,"10,566.61"
4/12/2006,"10,466.16"
1/12/2006,"10,319.00"
30/11/06,"10,252.93"
29/11/06,"10,287.55"
28/11/06,"10,153.53"
27/11/06,"9,934.54"
24/11/06,"10,247.32"
23/11/06,"10,314.73"
22/11/06,"10,346.61"
21/11/06,"10,444.98"
20/11/06,"10,537.17"
17/11/06,"10,442.57"
16/11/06,"10,378.12"
15/11/06,"10,533.95"
14/11/06,"10,593.43"
10/11/2006,"10,543.06"
9/11/2006,"10,594.07"
8/11/2006,"10,595.49"
7/11/2006,"10,535.19"
3/11/2006,"10,328.81"
2/11/2006,"10,322.08"
1/11/2006,"10,374.85"
31/10/06,"10,284.99"
30/10/06,"10,134.37"
27/10/06,"10,300.46"
26/10/06,"10,111.68"
25/10/06,"9,960.66"
24/10/06,"9,865.31"
23/10/06,"9,840.78"
20/10/06,"9,876.73"
19/10/06,"9,806.90"
18/10/06,"9,743.33"
17/10/06,"9,631.47"
13/10/06,"9,645.96"
12/10/2006,"9,569.19"
11/10/2006,"9,620.22"
10/10/2006,"9,596.39"
9/10/2006,"9,531.56"
6/10/2006,"9,541.13"
5/10/2006,"9,474.54"
4/10/2006,"9,369.02"
3/10/2006,"9,359.72"
2/10/2006,"9,309.73"
29/09/06,"9,250.98"
28/09/06,"9,093.77"
27/09/06,"9,121.92"
26/09/06,"9,107.78"
25/09/06,"8,903.37"
22/09/06,"8,986.35"
21/09/06,"9,009.40"
20/09/06,"9,183.76"
19/09/06,"9,045.05"
18/09/06,"9,144.53"
15/09/06,"9,174.53"
14/09/06,"9,210.03"
13/09/06,"9,114.99"
12/9/2006,"8,770.06"
11/9/2006,"8,912.65"
8/9/2006,"9,052.86"
7/9/2006,"8,969.66"
6/9/2006,"9,046.76"
5/9/2006,"9,230.91"
4/9/2006,"9,463.29"
1/9/2006,"9,497.42"
31/08/06,"9,510.25"
30/08/06,"9,523.50"
29/08/06,"9,487.39"
28/08/06,"9,472.94"
25/08/06,"9,437.39"
24/08/06,"9,355.71"
23/08/06,"9,556.76"
22/08/06,"9,598.04"
18/08/06,"9,726.23"
17/08/06,"9,654.61"
16/08/06,"9,597.20"
15/08/06,"9,545.02"
14/08/06,"9,393.33"
11/8/2006,"9,472.63"
10/8/2006,"9,489.35"
9/8/2006,"9,591.07"
8/8/2006,"9,459.58"
4/8/2006,"9,302.53"
3/8/2006,"9,179.72"
2/8/2006,"9,008.57"
1/8/2006,"8,924.86"
31/07/06,"9,015.64"
28/07/06,"8,981.95"
27/07/06,"8,887.55"
26/07/06,"8,620.08"
25/07/06,"8,438.33"
24/07/06,"8,492.50"
21/07/06,"8,321.35"
19/07/06,"8,345.91"
18/07/06,"7,891.62"
17/07/06,"7,812.67"
14/07/06,"8,024.02"
13/07/06,"8,198.42"
12/7/2006,"8,404.59"
11/7/2006,"8,468.59"
10/7/2006,"8,590.86"
7/7/2006,"8,210.46"
6/7/2006,"8,105.65"
5/7/2006,"7,942.24"
4/7/2006,"8,011.84"
30/06/06,"7,661.97"
29/06/06,"7,332.74"
28/06/06,"7,070.79"
27/06/06,"7,116.12"
23/06/06,"7,381.93"
22/06/06,"7,501.39"
21/06/06,"7,525.69"
20/06/06,"7,362.31"
16/06/06,"7,665.76"
15/06/06,"7,600.54"
14/06/06,"6,562.28"
13/06/06,"6,160.25"
12/6/2006,"6,749.73"
9/6/2006,"7,538.50"
8/6/2006,"7,435.60"
7/6/2006,"8,214.19"
6/6/2006,"8,821.35"
5/6/2006,"9,100.82"
2/6/2006,"9,122.08"
1/6/2006,"9,061.17"
31/05/06,"9,045.16"
30/05/06,"9,012.44"
26/05/06,"9,483.67"
25/05/06,"8,777.14"
24/05/06,"8,368.15"
23/05/06,"8,667.29"
22/05/06,"8,178.28"
19/05/06,"8,783.66"
18/05/06,"8,497.39"
17/05/06,"9,098.32"
16/05/06,"9,662.18"
15/05/06,"9,925.17"
12/5/2006,"10,261.04"
11/5/2006,"10,447.82"
10/5/2006,"10,750.89"
9/5/2006,"10,709.13"
8/5/2006,"10,794.59"
5/5/2006,"10,862.12"
4/5/2006,"10,859.58"
3/5/2006,"10,962.03"
2/5/2006,"11,016.60"
28/04/06,"11,076.21"
27/04/06,"11,102.42"
26/04/06,"10,984.37"
25/04/06,"11,019.82"
24/04/06,"11,101.67"
21/04/06,"11,036.67"
20/04/06,"10,961.49"
19/04/06,"10,897.95"
18/04/06,"10,891.90"
17/04/06,"10,853.97"
12/4/2006,"10,966.94"
11/4/2006,"10,873.87"
10/4/2006,"10,691.91"
7/4/2006,"10,788.84"
6/4/2006,"11,072.66"
5/4/2006,"11,212.03"
4/4/2006,"11,274.58"
3/4/2006,"11,201.15"
31/03/06,"11,094.63"
30/03/06,"11,079.99"
29/03/06,"11,149.56"
28/03/06,"11,063.14"
27/03/06,"10,990.79"
24/03/06,"10,979.44"
23/03/06,"10,891.35"
22/03/06,"10,822.85"
21/03/06,"10,835.81"
17/03/06,"10,893.93"
16/03/06,"10,816.65"
15/03/06,"10,736.25"
14/03/06,"10,645.52"
13/03/06,"10,620.45"
10/3/2006,"10,670.84"
9/3/2006,"10,618.64"
8/3/2006,"10,562.62"
7/3/2006,"10,483.01"
6/3/2006,"10,615.14"
3/3/2006,"10,930.48"
2/3/2006,"11,045.89"
1/3/2006,"11,182.81"
28/02/06,"11,080.24"
27/02/06,"11,022.09"
24/02/06,"11,262.25"
23/02/06,"11,248.49"
22/02/06,"11,063.76"
21/02/06,"10,839.43"
20/02/06,"10,749.42"
17/02/06,"10,693.23"
16/02/06,"10,669.32"
15/02/06,"10,672.34"
14/02/06,"10,705.98"
13/02/06,"10,857.67"
10/2/2006,"10,702.65"
9/2/2006,"10,318.09"
8/2/2006,"9,951.81"
7/2/2006,"9,966.89"
6/2/2006,"10,451.27"
3/2/2006,"10,733.58"
2/2/2006,"10,876.63"
1/2/2006,"10,675.02"
31/01/06,"11,094.92"
30/01/06,"11,389.12"
27/01/06,"11,433.25"
26/01/06,"11,174.73"
24/01/06,"10,915.80"
23/01/06,"10,764.21"
20/01/06,"10,640.19"
19/01/06,"10,535.60"
18/01/06,"10,650.87"
17/01/06,"10,780.60"
16/01/06,"10,577.90"
13/01/06,"10,425.56"
12/1/2006,"10,076.24"
11/1/2006,"9,988.42"
10/1/2006,"9,896.57"
6/1/2006,"9,614.52"
5/1/2006,"9,553.72"
4/1/2006,"9,540.74"
3/1/2006,"9,473.40"
2/1/2006,"9,255.63"
30/12/05,"9,513.30"
29/12/05,"9,513.25"
28/12/05,"9,378.27"
27/12/05,"9,338.50"
26/12/05,"9,279.15"
23/12/05,"9,204.36"
22/12/05,"9,152.26"
21/12/05,"9,053.84"
20/12/05,"8,787.69"
19/12/05,"8,785.17"
16/12/05,"8,994.27"
15/12/05,"9,047.70"
14/12/05,"9,043.74"
13/12/05,"9,038.77"
12/12/2005,"9,033.04"
9/12/2005,"8,996.63"
7/12/2005,"8,921.29"
6/12/2005,"9,039.37"
5/12/2005,"8,766.91"
2/12/2005,"8,701.17"
1/12/2005,"8,597.47"
30/11/05,"8,600.61"
29/11/05,"8,662.11"
28/11/05,"8,731.83"
25/11/05,"8,600.04"
24/11/05,"8,454.77"
23/11/05,"8,452.40"
22/11/05,"8,517.83"
21/11/05,"8,363.14"
18/11/05,"8,317.67"
17/11/05,"8,206.58"
16/11/05,"8,058.20"
15/11/05,"7,991.83"
11/11/2005,"8,083.80"
10/11/2005,"7,896.72"
9/11/2005,"7,751.67"
8/11/2005,"7,646.52"
4/11/2005,"7,549.45"
3/11/2005,"7,530.87"
2/11/2005,"7,452.30"
1/11/2005,"7,324.48"
31/10/05,"7,195.11"
28/10/05,"7,083.22"
27/10/05,"7,026.09"
26/10/05,"7,069.98"
25/10/05,"7,105.45"
24/10/05,"7,080.88"
21/10/05,"7,049.18"
20/10/05,"7,109.87"
19/10/05,"7,030.36"
18/10/05,"6,975.13"
14/10/05,"6,962.49"
13/10/05,"6,909.62"
12/10/2005,"6,782.30"
11/10/2005,"6,612.44"
10/10/2005,"6,554.82"
7/10/2005,"6,658.76"
6/10/2005,"6,735.22"
5/10/2005,"6,963.05"
4/10/2005,"6,994.11"
3/10/2005,"6,954.42"
30/09/05,"6,918.75"
29/09/05,"6,838.28"
28/09/05,"6,790.59"
27/09/05,"6,677.90"
26/09/05,"6,820.84"
23/09/05,"6,790.89"
22/09/05,"6,789.46"
21/09/05,"6,825.59"
20/09/05,"6,796.32"
19/09/05,"6,787.58"
16/09/05,"6,738.51"
15/09/05,"6,744.85"
14/09/05,"6,770.39"
13/09/05,"6,620.62"
12/9/2005,"6,642.08"
9/9/2005,"6,824.33"
8/9/2005,"6,912.81"
7/9/2005,"7,003.50"
6/9/2005,"6,959.98"
5/9/2005,"6,945.38"
2/9/2005,"7,007.57"
1/9/2005,"6,849.53"
31/08/05,"6,708.00"
30/08/05,"6,536.96"
29/08/05,"6,521.41"
26/08/05,"6,770.70"
25/08/05,"6,946.99"
24/08/05,"6,936.08"
23/08/05,"6,847.97"
22/08/05,"7,126.14"
19/08/05,"7,189.16"
18/08/05,"7,075.06"
17/08/05,"6,993.54"
16/08/05,"6,980.92"
12/8/2005,"6,916.49"
11/8/2005,"6,962.88"
10/8/2005,"6,955.44"
9/8/2005,"6,793.69"
8/8/2005,"6,666.69"
5/8/2005,"6,585.97"
4/8/2005,"6,477.03"
3/8/2005,"6,397.06"
2/8/2005,"6,366.25"
1/8/2005,"6,298.96"
29/07/05,"6,240.39"
28/07/05,"6,140.97"
27/07/05,"6,053.52"
26/07/05,"6,133.52"
25/07/05,"6,214.56"
22/07/05,"6,131.51"
21/07/05,"6,008.19"
19/07/05,"5,919.64"
18/07/05,"5,953.93"
15/07/05,"5,785.21"
14/07/05,"5,737.73"
13/07/05,"5,738.42"
12/7/2005,"5,759.43"
11/7/2005,"5,810.62"
8/7/2005,"5,682.07"
7/7/2005,"5,614.75"
6/7/2005,"5,570.45"
5/7/2005,"5,547.81"
1/7/2005,"5,640.25"
30/06/05,"5,563.57"
29/06/05,"5,492.91"
28/06/05,"5,409.02"
27/06/05,"5,359.70"
24/06/05,"5,424.48"
23/06/05,"5,443.88"
22/06/05,"5,352.98"
21/06/05,"5,294.82"
20/06/05,"5,260.39"
17/06/05,"5,223.22"
16/06/05,"5,173.42"
15/06/05,"5,167.52"
14/06/05,"5,057.43"
13/06/05,"5,009.80"
10/6/2005,"4,976.14"
9/6/2005,"4,922.50"
8/6/2005,"4,916.56"
7/6/2005,"4,934.58"
3/6/2005,"4,908.33"
2/6/2005,"4,832.46"
1/6/2005,"4,809.83"
31/05/05,"4,763.26"
27/05/05,"4,782.11"
26/05/05,"4,760.77"
25/05/05,"4,741.68"
24/05/05,"4,713.02"
23/05/05,"4,802.23"
20/05/05,"4,847.66"
19/05/05,"4,872.84"
18/05/05,"4,887.06"
17/05/05,"4,863.12"
16/05/05,"4,856.79"
13/05/05,"4,874.50"
12/5/2005,"4,890.83"
11/5/2005,"4,919.97"
10/5/2005,"4,934.93"
6/5/2005,"4,946.04"
5/5/2005,"4,960.08"
4/5/2005,"4,925.06"
3/5/2005,"4,821.10"
2/5/2005,"4,867.56"
29/04/05,"4,895.81"
28/04/05,"4,896.63"
27/04/05,"4,929.45"
26/04/05,"4,986.48"
25/04/05,"4,962.55"
22/04/05,"4,924.31"
21/04/05,"4,828.31"
20/04/05,"4,751.91"
19/04/05,"4,731.48"
18/04/05,"4,735.77"
15/04/05,"4,790.63"
14/04/05,"4,827.37"
13/04/05,"4,819.78"
12/4/2005,"4,768.60"
11/4/2005,"4,813.87"
8/4/2005,"4,799.21"
7/4/2005,"4,808.37"
6/4/2005,"4,728.33"
5/4/2005,"4,731.30"
4/4/2005,"4,720.81"
1/4/2005,"4,683.47"
31/03/05,"4,652.95"
30/03/05,"4,601.20"
29/03/05,"4,631.32"
28/03/05,"4,647.89"
23/03/05,"4,742.42"
22/03/05,"4,763.52"
18/03/05,"4,755.54"
17/03/05,"4,735.12"
16/03/05,"4,647.83"
15/03/05,"4,556.87"
14/03/05,"4,784.02"
11/3/2005,"4,943.45"
10/3/2005,"4,922.73"
9/3/2005,"5,005.14"
8/3/2005,"5,003.51"
7/3/2005,"5,104.71"
4/3/2005,"4,974.33"
3/3/2005,"4,942.07"
2/3/2005,"5,109.44"
1/3/2005,"5,171.16"
28/02/05,"5,240.16"
25/02/05,"5,271.31"
24/02/05,"5,332.78"
23/02/05,"5,134.93"
22/02/05,"5,039.33"
21/02/05,"5,003.10"
18/02/05,"4,854.11"
17/02/05,"4,812.94"
16/02/05,"4,851.97"
15/02/05,"4,884.89"
14/02/05,"4,855.65"
11/2/2005,"4,852.28"
10/2/2005,"4,877.20"
9/2/2005,"4,757.87"
8/2/2005,"4,760.13"
7/2/2005,"4,736.13"
4/2/2005,"4,722.03"
3/2/2005,"4,622.26"
2/2/2005,"4,579.45"
1/2/2005,"4,554.02"
31/01/05,"4,489.78"
28/01/05,"4,382.93"
27/01/05,"4,339.20"
26/01/05,"4,314.17"
25/01/05,"4,359.01"
24/01/05,"4,409.29"
21/01/05,"4,349.71"
20/01/05,"4,343.03"
19/01/05,"4,301.63"
18/01/05,"4,289.02"
17/01/05,"4,289.85"
14/01/05,"4,305.04"
13/01/05,"4,340.69"
12/1/2005,"4,347.92"
11/1/2005,"4,303.72"
10/1/2005,"4,278.96"
7/1/2005,"4,278.96"
6/1/2005,"4,270.11"
5/1/2005,"4,288.68"
4/1/2005,"4,339.55"
3/1/2005,"4,350.94"
31/12/04,"4,363.54"
30/12/04,"4,345.83"
29/12/04,"4,363.54"
28/12/04,"4,363.58"
27/12/04,"4,292.36"
24/12/04,"4,215.16"
23/12/04,"4,212.90"
22/12/04,"4,172.88"
21/12/04,"4,149.43"
20/12/04,"4,149.84"
17/12/04,"4,145.12"
16/12/04,"4,125.71"
15/12/04,"4,139.73"
14/12/04,"4,162.18"
13/12/04,"4,194.69"
10/12/2004,"4,162.18"
9/12/2004,"4,046.46"
8/12/2004,"4,077.51"
7/12/2004,"4,077.51"
6/12/2004,"4,125.70"
2/12/2004,"4,183.96"
1/12/2004,"4,300.49"
30/11/04,"4,276.38"
29/11/04,"4,253.22"
26/11/04,"4,228.22"
25/11/04,"4,194.57"
24/11/04,"4,201.02"
23/11/04,"4,227.74"
22/11/04,"4,211.91"
19/11/04,"4,173.49"
18/11/04,"4,108.57"
17/11/04,"4,050.68"
16/11/04,"4,119.50"
15/11/04,"4,176.11"
12/11/2004,"4,176.11"
11/11/2004,"4,135.92"
10/11/2004,"4,092.57"
9/11/2004,"4,051.77"
8/11/2004,"4,050.33"
5/11/2004,"4,041.51"
4/11/2004,"3,971.43"
3/11/2004,"3,878.68"
2/11/2004,"3,810.97"
1/11/2004,"3,742.59"
29/10/04,"3,742.59"
28/10/04,"3,728.71"
27/10/04,"3,704.54"
26/10/04,"3,717.94"
25/10/04,"3,711.05"
22/10/04,"3,708.89"
21/10/04,"3,713.60"
20/10/04,"3,697.57"
19/10/04,"3,720.08"
15/10/04,"3,736.48"
14/10/04,"3,731.81"
13/10/04,"3,706.59"
12/10/2004,"3,713.22"
11/10/2004,"3,670.99"
8/10/2004,"3,643.75"
7/10/2004,"3,630.47"
