"","PD38026MD"
"","Indicadores bursátiles - Índice General Bursátil BVL (índice)"
02Ene06,4802.25
03Ene06,4807.74
04Ene06,4889.63
05Ene06,4911.53
06Ene06,4820.78
09Ene06,4781.77
10Ene06,4761.74
11Ene06,4651.8
12Ene06,4676.84
13Ene06,4653
16Ene06,4602.95
17Ene06,4740.42
18Ene06,4853.38
19Ene06,4904.42
20Ene06,4998.83
23Ene06,4951.74
24Ene06,5009.36
25Ene06,5119.63
26Ene06,5201
27Ene06,5422.96
30Ene06,5459.96
31Ene06,5680.42
01Feb06,5633.51
02Feb06,5915.82
03Feb06,6130.44
06Feb06,6314.38
07Feb06,6483.58
08Feb06,6289.8
09Feb06,6114.81
10Feb06,5889.66
13Feb06,5837.01
14Feb06,5976.93
15Feb06,6043.49
16Feb06,5899.68
17Feb06,6002.7
20Feb06,6030.41
21Feb06,6062.6
22Feb06,6076.3
23Feb06,6075.93
24Feb06,6064.58
27Feb06,6094.41
28Feb06,6105.53
01Mar06,6080.68
02Mar06,6173.28
03Mar06,6199.54
06Mar06,6113.94
07Mar06,5966.82
08Mar06,5833.82
09Mar06,5734.91
10Mar06,5938.5
13Mar06,5945.85
14Mar06,5718.06
15Mar06,5734.13
16Mar06,5761.73
17Mar06,5967.41
20Mar06,5966.83
21Mar06,5723.26
22Mar06,5812.19
23Mar06,5868.97
24Mar06,5810.15
27Mar06,5817.96
28Mar06,5874.57
29Mar06,5878.5
30Mar06,5943.76
31Mar06,5947.36
03Abr06,5920.5
04Abr06,5933.53
05Abr06,5975.25
06Abr06,6081.27
07Abr06,6067.81
10Abr06,6192.89
11Abr06,6333.83
12Abr06,6218.35
13Abr06,6470.08
14Abr06,6470.08
17Abr06,6470.08
18Abr06,6635.01
19Abr06,6813.09
20Abr06,6804.18
21Abr06,6783.25
24Abr06,6991.78
25Abr06,7016.15
26Abr06,7063.08
27Abr06,7089.02
28Abr06,6963.92
01May06,7142.92
02May06,7142.92
03May06,7184.55
04May06,7006.15
05May06,7053.87
08May06,7121.28
09May06,7284.64
10May06,7477.62
11May06,7612.8
12May06,7763.85
15May06,7689.84
16May06,7581.13
17May06,7523.43
18May06,7335.43
19May06,7204.06
22May06,7142.34
23May06,7175.1
24May06,7441.47
25May06,7333.28
26May06,7423.56
29May06,7503.05
30May06,7452.74
31May06,7306.89
01Jun06,7211.67
02Jun06,7396.98
05Jun06,7700.66
06Jun06,7750.74
07Jun06,7595.07
08Jun06,7758.61
09Jun06,7655.94
12Jun06,7800.73
13Jun06,7768.51
14Jun06,7666.54
15Jun06,7677.78
16Jun06,7860.99
19Jun06,7892.96
20Jun06,7849.42
21Jun06,7788.69
22Jun06,7812.04
23Jun06,7851.42
26Jun06,7874.28
27Jun06,7934.44
28Jun06,7871.94
29Jun06,7930.69
30Jun06,7930.69
03Jul06,8155.8
04Jul06,8288.45
05Jul06,8392.17
06Jul06,8457.14
07Jul06,8527.51
10Jul06,8534.61
11Jul06,8559.34
12Jul06,8724.14
13Jul06,8806.32
14Jul06,8754.87
17Jul06,8856.76
18Jul06,8684.22
19Jul06,8494.78
20Jul06,8614.77
21Jul06,8565.54
24Jul06,8503.6
25Jul06,8509.43
26Jul06,8685.56
27Jul06,8807.47
28Jul06,8826.83
31Jul06,8826.83
01Ago06,8973.69
02Ago06,8908.97
03Ago06,8938.28
04Ago06,8932.55
07Ago06,9064.81
08Ago06,9333.94
09Ago06,9309.41
10Ago06,9382.3
11Ago06,9389.33
14Ago06,9667.33
15Ago06,9659.36
16Ago06,9671.88
17Ago06,9553.3
18Ago06,9576.19
21Ago06,9805.12
22Ago06,9925.11
23Ago06,9835.25
24Ago06,9872.45
25Ago06,9855.29
28Ago06,9906.65
29Ago06,9912.87
30Ago06,9849.78
31Ago06,9849.78
01Set06,10011.95
04Set06,10193.75
05Set06,10270.27
06Set06,10386.74
07Set06,10408.86
08Set06,10409.95
11Set06,10458.23
12Set06,10305.31
13Set06,10245.4
14Set06,10299.44
15Set06,10185.69
18Set06,10118.28
19Set06,10230.54
20Set06,10181.01
21Set06,10091.86
22Set06,10139.46
25Set06,10166.83
26Set06,10137.48
27Set06,10253.59
28Set06,10343.77
29Set06,10346.61
02Oct06,10390.34
03Oct06,10331.02
04Oct06,10169.81
05Oct06,9919.87
06Oct06,10082.02
09Oct06,10143.52
10Oct06,10117.03
11Oct06,10110.66
12Oct06,10254.39
13Oct06,10371.74
16Oct06,10483.41
17Oct06,10684.17
18Oct06,10707.01
19Oct06,10806.15
20Oct06,10834.57
23Oct06,10719.34
24Oct06,10642.65
25Oct06,10638.87
26Oct06,10731.14
27Oct06,10674.82
30Oct06,10757.6
31Oct06,10716.15
01Nov06,10694.54
02Nov06,10694.54
03Nov06,10825.64
06Nov06,10879.64
07Nov06,11041.35
08Nov06,11180.31
09Nov06,11125.35
10Nov06,11302.03
13Nov06,11162.99
14Nov06,11135.32
15Nov06,11193.68
16Nov06,11184.41
17Nov06,11098.92
20Nov06,11002.26
21Nov06,11071.87
22Nov06,11164.64
23Nov06,11150.2
24Nov06,11270.33
27Nov06,11408.83
28Nov06,11417.67
29Nov06,11320.47
30Nov06,11395.82
01Dic06,11482.41
04Dic06,11535.41
05Dic06,11649.51
06Dic06,11713.62
07Dic06,11848.98
08Dic06,11957.39
11Dic06,11957.39
12Dic06,12280.47
13Dic06,12324.97
14Dic06,12360.35
15Dic06,12534.3
18Dic06,12864.06
19Dic06,13143.57
20Dic06,12846.41
21Dic06,12644.94
22Dic06,12513.43
25Dic06,12633.77
26Dic06,12633.77
27Dic06,12768.69
28Dic06,12918.45
29Dic06,12884.2
01Ene07,12884.2
02Ene07,12952.67
03Ene07,12862.02
04Ene07,12819
05Ene07,12644.29
08Ene07,12438.51
09Ene07,12360.23
10Ene07,12720.62
11Ene07,13057.77
12Ene07,13025.52
15Ene07,13130.38
16Ene07,13208.85
17Ene07,13135.67
18Ene07,13091.16
19Ene07,13276.66
22Ene07,13427.22
23Ene07,13579.41
24Ene07,13629.15
25Ene07,13737.81
26Ene07,13707.73
29Ene07,13639.9
30Ene07,13563.22
31Ene07,13633.78
01Feb07,13674.3
02Feb07,13563.93
05Feb07,13623.17
06Feb07,13733.89
07Feb07,13860.28
08Feb07,13965.82
09Feb07,14200.53
12Feb07,14218.4
13Feb07,14437.18
14Feb07,14549.69
15Feb07,14586.89
16Feb07,14560.41
19Feb07,14645.3
20Feb07,14694.83
21Feb07,14935.52
22Feb07,15261.73
23Feb07,15513.22
26Feb07,15605.9
27Feb07,15280.51
28Feb07,15150.74
01Mar07,15266.96
02Mar07,15238.18
05Mar07,15020.61
06Mar07,15260.07
07Mar07,15529.88
08Mar07,15760.21
09Mar07,15685.08
12Mar07,15868.66
13Mar07,15837.03
14Mar07,15706.2
15Mar07,15920.27
16Mar07,15911.79
19Mar07,16141.99
20Mar07,16204.45
21Mar07,16183.17
22Mar07,16265.79
23Mar07,16338.86
26Mar07,16470.48
27Mar07,16572.57
28Mar07,16762.79
29Mar07,17019.05
30Mar07,17152.82
02Abr07,17520.63
03Abr07,17911.83
04Abr07,18141.31
05Abr07,18141.31
06Abr07,18141.31
09Abr07,18441.19
10Abr07,18946.15
11Abr07,18848.86
12Abr07,19041.61
13Abr07,19412.29
16Abr07,19924.33
17Abr07,20467.79
18Abr07,20661.38
19Abr07,20454.23
20Abr07,20656.68
23Abr07,20729.65
24Abr07,20752.13
25Abr07,20703.38
26Abr07,20692.03
27Abr07,20781.77
30Abr07,20674.78
01May07,20674.78
02May07,20699.92
03May07,20945.94
04May07,21476.45
07May07,22166.68
08May07,22493.97
09May07,22995.09
10May07,22969.65
11May07,22964.42
14May07,22303.35
15May07,22171.89
16May07,21556.22
17May07,21473.47
18May07,21971.16
21May07,22076.12
22May07,21559.5
23May07,21757.18
24May07,21328.24
25May07,21248.31
28May07,20741.58
29May07,20066.77
30May07,18543.82
31May07,20129.5
01Jun07,20732.66
04Jun07,20913.05
05Jun07,21340.54
06Jun07,21058.97
07Jun07,20880.33
08Jun07,20789.75
11Jun07,21061.54
12Jun07,21054.97
13Jun07,21493.99
14Jun07,21926.54
15Jun07,22160.68
18Jun07,22192.02
19Jun07,22190.02
20Jun07,22153.86
21Jun07,22096.56
22Jun07,22140.53
25Jun07,22268.03
26Jun07,22213.99
27Jun07,22191.94
28Jun07,22365.9
29Jun07,22365.9
02Jul07,22608.17
03Jul07,22591.51
04Jul07,22754.15
05Jul07,22857.46
06Jul07,22936.07
09Jul07,23073.84
10Jul07,22845.48
11Jul07,22927.77
12Jul07,23211.65
13Jul07,23535.09
16Jul07,23726.57
17Jul07,23695.81
18Jul07,23578.92
19Jul07,23624
20Jul07,23633.15
23Jul07,23628.24
24Jul07,23789.75
25Jul07,23623.87
26Jul07,23261.16
27Jul07,23178.21
30Jul07,23145.93
31Jul07,23418.17
01Ago07,23057.97
02Ago07,23043.56
03Ago07,22950.22
06Ago07,22561.91
07Ago07,22785.72
08Ago07,23055.91
09Ago07,22643.92
10Ago07,22217.08
13Ago07,22283.74
14Ago07,21627.25
15Ago07,20997.85
16Ago07,19550.35
17Ago07,20652.97
20Ago07,20438.69
21Ago07,20545.27
22Ago07,21124.14
23Ago07,20970.59
24Ago07,21051.48
27Ago07,20944.57
28Ago07,20423.76
29Ago07,20549.55
30Ago07,20549.55
31Ago07,20846.26
03Set07,20853.82
04Set07,20685.49
05Set07,20166.28
06Set07,20268.06
07Set07,19653.57
10Set07,18818.48
11Set07,19412.41
12Set07,19548.81
13Set07,19782.2
14Set07,19624.61
17Set07,19516.92
18Set07,20165.86
19Set07,20999.8
20Set07,20762.8
21Set07,21114.45
24Set07,21352.51
25Set07,21324.54
26Set07,21613.15
27Set07,21941.54
28Set07,21823.44
01Oct07,21958.31
02Oct07,21763.77
03Oct07,21758.24
04Oct07,21738.13
05Oct07,21911.93
08Oct07,21911.93
09Oct07,22034.66
10Oct07,22177.13
11Oct07,22402.72
12Oct07,22653.83
15Oct07,22684.39
16Oct07,22392.39
17Oct07,22382.74
18Oct07,22180.17
19Oct07,21930.55
22Oct07,21461.7
23Oct07,21613.57
24Oct07,21391.05
25Oct07,21453.18
26Oct07,21809.99
29Oct07,22036.66
30Oct07,21772.46
31Oct07,21696.27
01Nov07,21696.27
02Nov07,21346.74
05Nov07,20982.28
06Nov07,20877.43
07Nov07,20186.01
08Nov07,19689.96
09Nov07,19797.8
12Nov07,19442.17
13Nov07,19415.46
14Nov07,19835
15Nov07,19438.14
16Nov07,19210.4
19Nov07,18195.49
20Nov07,17389.26
21Nov07,16955.48
22Nov07,17505.33
23Nov07,17836.92
26Nov07,17860.43
27Nov07,17477.09
28Nov07,17842.83
29Nov07,17942.76
30Nov07,18255.97
03Dic07,18518.33
04Dic07,18511.9
05Dic07,18718.54
06Dic07,19073.69
07Dic07,19137.6
10Dic07,19062.71
11Dic07,18915.38
12Dic07,18909.73
13Dic07,18397.77
14Dic07,17859.86
17Dic07,16981.53
18Dic07,16729.58
19Dic07,17040.91
20Dic07,17249.7
21Dic07,17644.06
24Dic07,17644.06
25Dic07,17644.06
26Dic07,17639.28
27Dic07,17550.3
28Dic07,17524.79
31Dic07,17524.79
01Ene08,17524.79
02Ene08,17329.16
03Ene08,17634.37
04Ene08,17583.8
07Ene08,17453.93
08Ene08,17483.23
09Ene08,17122.23
10Ene08,16845.55
11Ene08,16486.69
14Ene08,16414.25
15Ene08,15691.14
16Ene08,14847.69
17Ene08,14795.86
18Ene08,14701.11
21Ene08,13472.93
22Ene08,14115.46
23Ene08,13279
24Ene08,13604.22
25Ene08,13877.7
28Ene08,13819.75
29Ene08,14166.25
30Ene08,14544.41
31Ene08,15009.98
01Feb08,15363.98
04Feb08,15953.57
05Feb08,15387.95
06Feb08,15501.44
07Feb08,15442.36
08Feb08,15841.08
11Feb08,16059.26
12Feb08,16483.16
13Feb08,16531.76
14Feb08,16444.1
15Feb08,16052.78
18Feb08,16129.88
19Feb08,16439.8
20Feb08,16597.54
21Feb08,17009.58
22Feb08,16883.14
25Feb08,17028.99
26Feb08,17337.17
27Feb08,17778.16
28Feb08,18053.07
29Feb08,17766.94
03Mar08,17853.71
04Mar08,17255.58
05Mar08,17544.44
06Mar08,17513.84
07Mar08,17575.34
10Mar08,17463.95
11Mar08,17776.72
12Mar08,18064.87
13Mar08,17957.69
14Mar08,17877.81
17Mar08,17350.6
18Mar08,17606.93
19Mar08,17277.42
20Mar08,17277.42
21Mar08,17277.42
24Mar08,16996.81
25Mar08,16986.93
26Mar08,16945.67
27Mar08,17431.85
28Mar08,17404.61
31Mar08,17387.47
01Abr08,17394.46
02Abr08,17614.66
03Abr08,17885.91
04Abr08,18094.55
07Abr08,18309.76
08Abr08,18065.51
09Abr08,18034.44
10Abr08,17792.45
11Abr08,17666.19
14Abr08,17515.98
15Abr08,17582.43
16Abr08,17628.45
17Abr08,17538.77
18Abr08,17470.28
21Abr08,17474.79
22Abr08,17566.14
23Abr08,17629.5
24Abr08,17567.63
25Abr08,17420.51
28Abr08,17355.82
29Abr08,17446.46
30Abr08,17429.94
01May08,17429.94
02May08,17431.76
05May08,17402.38
06May08,17418.02
07May08,17365.35
08May08,17377.64
09May08,17329.7
12May08,17420.27
13May08,17525
14May08,17724.27
15May08,17724.27
16May08,17724.27
19May08,17815.34
20May08,17776.6
21May08,17722.97
22May08,17371.47
23May08,17152.04
26May08,17246.3
27May08,17084.28
28May08,17099.33
29May08,16911.5
30May08,17130.79
02Jun08,17259.14
03Jun08,17267.97
04Jun08,17119.53
05Jun08,16985.39
06Jun08,16981
09Jun08,16900.66
10Jun08,16735.71
11Jun08,16650.27
12Jun08,16423.56
13Jun08,16491.54
16Jun08,16602.47
17Jun08,16694.68
18Jun08,16826.12
19Jun08,16728.09
20Jun08,16802.38
23Jun08,16722.96
24Jun08,16558.18
25Jun08,16579.44
26Jun08,16393.48
27Jun08,16336.67
30Jun08,16293.97
01Jul08,16170.25
02Jul08,15722.15
03Jul08,15135.61
04Jul08,15040.75
07Jul08,14955.58
08Jul08,14434.17
09Jul08,14594.04
10Jul08,14825.4
11Jul08,14712.23
14Jul08,15006.05
15Jul08,14610.54
16Jul08,14321.11
17Jul08,14198
18Jul08,13914.08
21Jul08,13789.97
22Jul08,13556.91
23Jul08,13479.92
24Jul08,13274.93
25Jul08,13351.49
28Jul08,13351.49
29Jul08,13351.49
30Jul08,13392.11
31Jul08,13765.45
01Ago08,13818.87
04Ago08,13482.62
05Ago08,13266.27
06Ago08,13317.9
07Ago08,13242.19
08Ago08,12715.52
11Ago08,12324.68
12Ago08,11897.94
13Ago08,12096.13
14Ago08,11899.64
15Ago08,11716.15
18Ago08,11829.64
19Ago08,12020.91
20Ago08,12278.04
21Ago08,12653.71
22Ago08,12500.39
25Ago08,12652.04
26Ago08,12912.69
27Ago08,13376.43
28Ago08,13268.28
29Ago08,13287.42
01Set08,13305.13
02Set08,13301.74
03Set08,13234.77
04Set08,12952.25
05Set08,12653.84
08Set08,12477.28
09Set08,12144.39
10Set08,12078.5
11Set08,12062.24
12Set08,12291.6
15Set08,11994.39
16Set08,11593
17Set08,11177.07
18Set08,10884.43
19Set08,11841.43
22Set08,11844.44
23Set08,11641.46
24Set08,11580.48
25Set08,11764.88
26Set08,11691.58
29Set08,11118.83
30Set08,11248.42
01Oct08,11286.37
02Oct08,10787.5
03Oct08,10777.9
06Oct08,9778.59
07Oct08,9371.36
08Oct08,9371.36
09Oct08,8549.43
10Oct08,7625.18
13Oct08,8667.77
14Oct08,9141.01
15Oct08,8358.41
16Oct08,7759.39
17Oct08,7906.32
20Oct08,8149.27
21Oct08,7889.11
22Oct08,7147.19
23Oct08,6833.65
24Oct08,6378.66
27Oct08,6038.66
28Oct08,6054
29Oct08,6528.47
30Oct08,6800.75
31Oct08,7055.04
03Nov08,7797.86
04Nov08,8475.09
05Nov08,8205.74
06Nov08,7654.26
07Nov08,8064.35
10Nov08,8296.58
11Nov08,7988.63
12Nov08,7716.32
13Nov08,7743.13
14Nov08,7582.46
17Nov08,7437.65
18Nov08,7348.19
19Nov08,7193.93
20Nov08,7193.93
21Nov08,7193.93
24Nov08,7382.01
25Nov08,7193.27
26Nov08,7391.35
27Nov08,7410.02
28Nov08,7405.5
01Dic08,7135.23
02Dic08,7112.61
03Dic08,7030.52
04Dic08,6968.86
05Dic08,6780.06
08Dic08,6780.06
09Dic08,7122.21
10Dic08,7246.77
11Dic08,7264.38
12Dic08,7168.01
15Dic08,7092.04
16Dic08,7265.14
17Dic08,7228.5
18Dic08,7016.66
19Dic08,6981.51
22Dic08,6896.61
23Dic08,6945.96
24Dic08,6998.87
25Dic08,6998.87
26Dic08,6998.87
29Dic08,7016.4
30Dic08,7018.47
31Dic08,7048.67
01Ene09,7048.67
02Ene09,7048.67
05Ene09,7330.25
06Ene09,7437.71
07Ene09,7248.34
08Ene09,7208.98
09Ene09,7185.47
12Ene09,7045.58
13Ene09,7060.68
14Ene09,6929.44
15Ene09,6928.42
16Ene09,7015.41
19Ene09,7086.4
20Ene09,6992.28
21Ene09,6964.91
22Ene09,6880.82
23Ene09,6988.16
26Ene09,6981.25
27Ene09,6900.67
28Ene09,6983.32
29Ene09,6968.8
30Ene09,6905.39
02Feb09,6811.2
03Feb09,6767.81
04Feb09,6887.08
05Feb09,6871.27
06Feb09,6979.73
09Feb09,6991.41
10Feb09,6872.88
11Feb09,6898.85
12Feb09,6859.26
13Feb09,6898.29
16Feb09,6903.16
17Feb09,6776.98
18Feb09,6747.79
19Feb09,6686.29
20Feb09,6640.04
23Feb09,6560.8
24Feb09,6489.53
25Feb09,6528.94
26Feb09,6716.34
27Feb09,6671.72
02Mar09,6518.31
03Mar09,6607.7
04Mar09,6825.3
05Mar09,6729.45
06Mar09,6781.81
09Mar09,6892.9
10Mar09,7138.45
11Mar09,7094.88
12Mar09,7003.25
13Mar09,7152.28
16Mar09,7423.1
17Mar09,7311.83
18Mar09,7488.83
19Mar09,7762.52
20Mar09,7697.56
23Mar09,8157.76
24Mar09,8349.34
25Mar09,8713.55
26Mar09,9219.88
27Mar09,9337.19
30Mar09,8887.29
31Mar09,9237.65
01Abr09,9409.78
02Abr09,9780.53
03Abr09,10163.44
06Abr09,10342.78
07Abr09,9988.02
08Abr09,10001.92
09Abr09,10001.92
10Abr09,10001.92
13Abr09,10579.77
14Abr09,10364.04
15Abr09,10313.84
16Abr09,10146.84
17Abr09,10270.01
20Abr09,9945.97
21Abr09,9974.09
22Abr09,10007.94
23Abr09,9841.09
24Abr09,10036.76
27Abr09,10104.26
28Abr09,9901.64
29Abr09,10107.69
30Abr09,9979.19
01May09,9979.19
04May09,10218.93
05May09,10479.67
06May09,10869.72
07May09,10824.43
08May09,11475.59
11May09,11464.59
12May09,11897.42
13May09,11757.24
14May09,11950.36
15May09,11938.79
18May09,11903.88
19May09,12192.51
20May09,12369.26
21May09,12233.61
22May09,12476.73
25May09,12441.06
26May09,12871.97
27May09,12795.98
28May09,12951.99
29May09,13392.27
01Jun09,14004.63
02Jun09,14259.65
03Jun09,13789.53
04Jun09,14270.1
05Jun09,14090.46
08Jun09,14004.6
09Jun09,14200.84
10Jun09,14100.8
11Jun09,13944.35
12Jun09,13840.89
15Jun09,13489.22
16Jun09,13236.38
17Jun09,12916.48
18Jun09,13092.7
19Jun09,13136.99
22Jun09,12438.29
23Jun09,12618.85
24Jun09,12993.71
25Jun09,13300.68
26Jun09,13189.63
29Jun09,13189.63
30Jun09,13059.7
01Jul09,13242.23
02Jul09,13061.52
03Jul09,12897.86
06Jul09,12694.95
07Jul09,12574.79
08Jul09,12322.11
09Jul09,12689.35
10Jul09,12596.54
13Jul09,12748.32
14Jul09,12863.13
15Jul09,13115.49
16Jul09,13071.3
17Jul09,13070.17
20Jul09,13290.17
21Jul09,13328.38
22Jul09,13339.94
23Jul09,13761.62
24Jul09,13839.34
27Jul09,13839.34
28Jul09,13839.34
29Jul09,13839.34
30Jul09,13894.23
31Jul09,14092.02
03Ago09,14616.87
04Ago09,14665.09
05Ago09,14479.7
06Ago09,13864.82
07Ago09,13887
10Ago09,13834.68
11Ago09,13831.86
12Ago09,14075.18
13Ago09,14329.54
14Ago09,14227.42
17Ago09,13972.5
18Ago09,14060.64
19Ago09,14157.47
20Ago09,14264.2
21Ago09,14362.13
24Ago09,14274.9
25Ago09,14218.42
26Ago09,14076.03
27Ago09,14238.71
28Ago09,14151.85
31Ago09,13955.38
01Set09,13748.92
02Set09,13764.79
03Set09,14085.92
04Set09,14164.36
07Set09,14146.35
08Set09,14330.19
09Set09,14253.48
10Set09,14413.43
11Set09,14513.12
14Set09,14649.71
15Set09,14556.21
16Set09,14896.29
17Set09,14965.5
18Set09,15147.84
21Set09,15154
22Set09,15468.26
23Set09,15432.35
24Set09,15084.5
25Set09,15105.61
28Set09,15035.01
29Set09,15032.36
30Set09,15144.2
01Oct09,14826.94
02Oct09,14676.85
05Oct09,14853.97
06Oct09,15143.78
07Oct09,15101.39
08Oct09,15101.39
09Oct09,15461.87
12Oct09,15590.64
13Oct09,15435.83
14Oct09,15479.78
15Oct09,15459.48
16Oct09,15438.39
19Oct09,15349.45
20Oct09,15168.73
21Oct09,15348.85
22Oct09,15499.77
23Oct09,15461.14
26Oct09,15278.66
27Oct09,15006.11
28Oct09,14429.43
29Oct09,14768.49
30Oct09,14213.54
02Nov09,14232.6
03Nov09,14313.55
04Nov09,14495.62
05Nov09,14590.38
06Nov09,14622.76
09Nov09,14774.89
10Nov09,14634.07
11Nov09,14628.92
12Nov09,14531.24
13Nov09,14550.06
16Nov09,14668.47
17Nov09,14551.98
18Nov09,14555.17
19Nov09,14574.96
20Nov09,14557.69
23Nov09,14563.3
24Nov09,14419.03
25Nov09,14526.17
26Nov09,14322.64
27Nov09,14292.87
30Nov09,14129
01Dic09,14276.32
02Dic09,14409.87
03Dic09,14242.63
04Dic09,14123.93
07Dic09,14041.69
08Dic09,14041.69
09Dic09,13999.6
10Dic09,14075.7
11Dic09,14178.59
14Dic09,14238.88
15Dic09,14140.06
16Dic09,14213.36
17Dic09,14040.49
18Dic09,13992.37
21Dic09,13873.91
22Dic09,13789.56
23Dic09,14018.18
24Dic09,14081.95
25Dic09,14081.95
28Dic09,14042.35
29Dic09,14028.7
30Dic09,14018.81
31Dic09,14167.2
01Ene10,14167.2
04Ene10,14561.09
05Ene10,14921.5
06Ene10,15242.47
07Ene10,15355.31
08Ene10,15629.12
11Ene10,15924.8
12Ene10,15590.51
13Ene10,15539.13
14Ene10,15244.26
15Ene10,15104.7
18Ene10,15224.81
19Ene10,15194.76
20Ene10,15054.02
21Ene10,14811.1
22Ene10,14866.45
25Ene10,14851.75
26Ene10,14805.49
27Ene10,14668.93
28Ene10,14498.26
29Ene10,14440.05
01Feb10,14512.75
02Feb10,14659.14
03Feb10,14543.03
04Feb10,14086.5
05Feb10,13867.26
08Feb10,13808.44
09Feb10,14133.49
10Feb10,14176.46
11Feb10,14360.07
12Feb10,14286.24
15Feb10,14366.76
16Feb10,14529.61
17Feb10,14395.21
18Feb10,14407.69
19Feb10,14446.74
22Feb10,14414
23Feb10,14097.89
24Feb10,14122.57
25Feb10,13982.74
26Feb10,14002.32
01Mar10,14140.31
02Mar10,14210.62
03Mar10,14250.53
04Mar10,14231.25
05Mar10,14429.93
08Mar10,14469.68
09Mar10,14398.9
10Mar10,14346.8
11Mar10,14284.16
12Mar10,14374.65
15Mar10,14253.62
16Mar10,14458.31
17Mar10,14713.5
18Mar10,14717.48
19Mar10,14731.97
22Mar10,14759.52
23Mar10,14826.61
24Mar10,14758.5
25Mar10,14823.92
26Mar10,14974.1
29Mar10,15219.54
30Mar10,15138.2
31Mar10,15129
01Abr10,15129
02Abr10,15129
05Abr10,15467.42
06Abr10,15669.25
07Abr10,15691.17
08Abr10,15633.99
09Abr10,15733.36
12Abr10,15743.5
13Abr10,15691.72
14Abr10,15803.61
15Abr10,15728.57
16Abr10,15482.56
19Abr10,15469.36
20Abr10,15575.93
21Abr10,15684.63
22Abr10,15774.67
23Abr10,15980.78
26Abr10,16046.03
27Abr10,15790.21
28Abr10,15928.24
29Abr10,15913.88
30Abr10,15842.26
03May10,15784.92
04May10,15259.12
05May10,15242.4
06May10,14973.47
07May10,14847.53
10May10,15420.57
11May10,15505.65
12May10,15577.36
13May10,15490.29
14May10,15193.46
17May10,14892.76
18May10,14922.34
19May10,14658.24
20May10,14211.72
21May10,14567.1
24May10,14586.04
25May10,14264.32
26May10,14342.61
27May10,14645.98
28May10,14504.14
31May10,14487.31
01Jun10,14270.71
02Jun10,14243.76
03Jun10,14135.08
04Jun10,13818.03
07Jun10,13503.75
08Jun10,13622.09
09Jun10,13872.44
10Jun10,14155.79
11Jun10,14217.71
14Jun10,14279.75
15Jun10,14423.16
16Jun10,14391.73
17Jun10,14344.47
18Jun10,14342.7
21Jun10,14428.11
22Jun10,14338.11
23Jun10,14252.45
24Jun10,14120.76
25Jun10,14198.29
28Jun10,14159.72
29Jun10,14159.72
30Jun10,13985.01
01Jul10,13834.78
02Jul10,13823.92
05Jul10,13722.28
06Jul10,13734.13
07Jul10,13761.96
08Jul10,13816.7
09Jul10,13985.41
12Jul10,13953.64
13Jul10,14056.7
14Jul10,14067.84
15Jul10,14077.74
16Jul10,13916.69
19Jul10,13843.8
20Jul10,13835.76
21Jul10,13820.07
22Jul10,14049.7
23Jul10,14152.01
26Jul10,14225.3
27Jul10,14179.1
28Jul10,14179.1
29Jul10,14179.1
30Jul10,14275.38
02Ago10,14520.9
03Ago10,14687.12
04Ago10,14820.73
05Ago10,14746.48
06Ago10,14699.98
09Ago10,14853.99
10Ago10,14877.09
11Ago10,14664.76
12Ago10,14808.06
13Ago10,14801.33
16Ago10,14866.96
17Ago10,14938.39
18Ago10,14972.14
19Ago10,14868.3
20Ago10,14874.26
23Ago10,14902.1
24Ago10,14844.5
25Ago10,14936.62
26Ago10,14975.07
27Ago10,15105.99
30Ago10,15105.99
31Ago10,15153.33
01Set10,15319.1
02Set10,15368.72
03Set10,15568.13
06Set10,15742.6
07Set10,15786.98
08Set10,15864.6
09Set10,15833.44
10Set10,16151.09
13Set10,16536.47
14Set10,16522.23
15Set10,16561.52
16Set10,16658.24
17Set10,16721.19
20Set10,16892.11
21Set10,17162.94
22Set10,17363.05
23Set10,17199.41
24Set10,17315.68
27Set10,17435.56
28Set10,17577.07
29Set10,17709.98
30Set10,17867.36
01Oct10,18159.8
04Oct10,18169.27
05Oct10,18806.39
06Oct10,18941.78
07Oct10,18855.25
08Oct10,18855.25
11Oct10,19037.31
12Oct10,18995.86
13Oct10,19450.28
14Oct10,19499.49
15Oct10,19293.09
18Oct10,18940.03
19Oct10,18366.71
20Oct10,18777
21Oct10,18487.58
22Oct10,18764.9
25Oct10,18905.22
26Oct10,19039.82
27Oct10,18991.26
28Oct10,18991.32
29Oct10,19220.93
01Nov10,19220.93
02Nov10,19550.99
03Nov10,19631.12
04Nov10,20230.42
05Nov10,20402.51
08Nov10,20390.96
09Nov10,20606.72
10Nov10,20588.95
11Nov10,20595.34
12Nov10,20248.41
15Nov10,20151.46
16Nov10,19563.53
17Nov10,19915.13
18Nov10,20292.13
19Nov10,20384.52
22Nov10,20417.52
23Nov10,20179.45
24Nov10,20441.13
25Nov10,20768.71
26Nov10,20704.46
29Nov10,20804.26
30Nov10,20854.5
01Dic10,21366.22
02Dic10,21547.34
03Dic10,21651.12
06Dic10,21727.17
07Dic10,21915.33
08Dic10,21915.33
09Dic10,21807.69
10Dic10,21843.42
13Dic10,22085.82
14Dic10,22032.85
15Dic10,21972.9
16Dic10,22041.44
17Dic10,22035.58
20Dic10,22092.86
21Dic10,22445.14
22Dic10,22718.62
23Dic10,22689.38
24Dic10,22791.27
27Dic10,22959.71
28Dic10,23057.3
29Dic10,23178.45
30Dic10,23252.67
31Dic10,23374.57
03Ene11,23647.92
04Ene11,23490.09
05Ene11,23495.61
06Ene11,23305.04
07Ene11,22928.85
10Ene11,22502.52
11Ene11,22675.23
12Ene11,22631.86
13Ene11,22166.93
14Ene11,21792.57
17Ene11,21819.53
18Ene11,22119.08
19Ene11,22128.27
20Ene11,21705.47
21Ene11,21651.64
24Ene11,21857.05
25Ene11,21735.14
26Ene11,22005.95
27Ene11,22502.92
28Ene11,22530.71
31Ene11,22887.41
01Feb11,23218.52
02Feb11,23419.93
03Feb11,23724.08
04Feb11,23701.56
07Feb11,23777.04
08Feb11,23487.93
09Feb11,22989.58
10Feb11,22861.64
11Feb11,22772.1
14Feb11,22985.35
15Feb11,22761.08
16Feb11,22788.76
17Feb11,22793.27
18Feb11,23041.59
21Feb11,23028.9
22Feb11,22694.93
23Feb11,22616.51
24Feb11,22635.95
25Feb11,22763.85
28Feb11,22842.96
01Mar11,22689.04
02Mar11,22709.28
03Mar11,22623.39
04Mar11,22662.51
07Mar11,22563.34
08Mar11,22442.21
09Mar11,22167.65
10Mar11,21625.29
11Mar11,21784.13
14Mar11,21453.22
15Mar11,20982.75
16Mar11,20984.13
17Mar11,20758.13
18Mar11,20496.59
21Mar11,21375.17
22Mar11,21961.66
23Mar11,22259.34
24Mar11,22557.82
25Mar11,22242.55
28Mar11,21095.67
29Mar11,21496.34
30Mar11,21807.64
31Mar11,21957.49
01Abr11,21562.53
04Abr11,21179.11
05Abr11,21441.84
06Abr11,21554.14
07Abr11,21147.76
08Abr11,21246.34
11Abr11,20588.69
12Abr11,19848.49
13Abr11,18613.96
14Abr11,18730.84
15Abr11,19371.26
18Abr11,18852.91
19Abr11,18999.17
20Abr11,18798.67
21Abr11,18798.67
22Abr11,18798.67
25Abr11,18176.55
26Abr11,17765.63
27Abr11,17959.32
28Abr11,18971.59
29Abr11,19636.22
02May11,19534.32
03May11,19485.14
04May11,20678.38
05May11,20638.49
06May11,21769.92
09May11,21598.84
10May11,21129.86
11May11,20735.46
12May11,21483.63
13May11,22080.21
16May11,22053.07
17May11,21969.04
18May11,22070.8
19May11,22034.42
20May11,21814.19
23May11,21478.64
24May11,21776.94
25May11,21999.71
26May11,22619.09
27May11,22375.3
30May11,21217.76
31May11,21566.07
01Jun11,20283.93
02Jun11,21736.48
03Jun11,21227.68
06Jun11,18585.81
07Jun11,19881.1
08Jun11,20581.13
09Jun11,20953.26
10Jun11,20661.02
13Jun11,20597.58
14Jun11,20677.88
15Jun11,20146.17
16Jun11,19813.6
17Jun11,19898.22
20Jun11,19734.02
21Jun11,19221.42
22Jun11,19149.9
23Jun11,19013.57
24Jun11,18996.88
27Jun11,18842.29
28Jun11,18719.46
29Jun11,18719.46
30Jun11,18878.78
01Jul11,19207.77
04Jul11,19368.44
05Jul11,19375.02
06Jul11,19459.57
07Jul11,19863.51
08Jul11,19916.9
11Jul11,19763.8
12Jul11,19931.9
13Jul11,20220.94
14Jul11,20181.82
15Jul11,20345.75
18Jul11,21284.74
19Jul11,21963.55
20Jul11,22176.12
21Jul11,22164.41
22Jul11,22049.23
25Jul11,22077.03
26Jul11,22307.17
27Jul11,21963.1
28Jul11,21963.1
29Jul11,21963.1
01Ago11,21943.78
02Ago11,21710.28
03Ago11,21517.25
04Ago11,20319.87
05Ago11,20160.11
08Ago11,18730.56
09Ago11,19212.6
10Ago11,18969.23
11Ago11,19678.72
12Ago11,19937.43
15Ago11,20067.39
16Ago11,19772
17Ago11,19980.02
18Ago11,19516.14
19Ago11,19378.12
22Ago11,19388.57
23Ago11,19488.45
24Ago11,19502.86
25Ago11,19475.44
26Ago11,19795.94
29Ago11,20019.9
30Ago11,20019.9
31Ago11,20697.11
01Set11,20726.6
02Set11,20443.56
05Set11,20108.41
06Set11,19931.29
07Set11,20134.76
08Set11,20077.53
09Set11,19906.55
12Set11,19939.77
13Set11,19980.85
14Set11,20179.69
15Set11,20426.79
16Set11,20573.07
19Set11,20321.09
20Set11,20305.74
21Set11,19933.32
22Set11,19011.88
23Set11,18813.82
26Set11,18694.26
27Set11,19134.43
28Set11,18543.93
29Set11,18435.79
30Set11,18329.1
03Oct11,17838.98
04Oct11,17317.88
05Oct11,17543.34
06Oct11,17745.48
07Oct11,17761.27
10Oct11,18270.65
11Oct11,18268.85
12Oct11,18554.9
13Oct11,18623.62
14Oct11,18897.41
17Oct11,18723.34
18Oct11,18988.64
19Oct11,18766.55
20Oct11,18567.91
21Oct11,18857.1
24Oct11,19465.92
25Oct11,19307.25
26Oct11,19342.14
27Oct11,20012.08
28Oct11,20044.34
31Oct11,19629.63
01Nov11,19629.63
02Nov11,19486.18
03Nov11,19579.97
04Nov11,19370.46
07Nov11,19392.22
08Nov11,19509.95
09Nov11,19010.75
10Nov11,19127.85
11Nov11,19450.89
14Nov11,19346.98
15Nov11,19359.25
16Nov11,19529.14
17Nov11,19304.53
18Nov11,19240.14
21Nov11,18956.18
22Nov11,19131.61
23Nov11,19007.82
24Nov11,18975.54
25Nov11,18957.75
28Nov11,19168.9
29Nov11,19236.99
30Nov11,19911.82
01Dic11,19814.4
02Dic11,20178.69
05Dic11,20200.38
06Dic11,20090.29
07Dic11,19986.43
08Dic11,19986.43
09Dic11,19985.96
12Dic11,19734.71
13Dic11,19587.19
14Dic11,19305.93
15Dic11,19389.82
16Dic11,19446.49
19Dic11,19168.95
20Dic11,19370.41
21Dic11,19360.66
22Dic11,19383.07
23Dic11,19428.81
26Dic11,19458.87
27Dic11,19398.51
28Dic11,19268.55
29Dic11,19385.19
30Dic11,19473.71
02Ene12,19579.41
03Ene12,19886.89
04Ene12,19940.09
05Ene12,19943.99
06Ene12,19800.88
09Ene12,19947.48
10Ene12,20269.16
11Ene12,20280.64
12Ene12,20539.69
13Ene12,20472
16Ene12,20592.42
17Ene12,20712.92
18Ene12,20868.23
19Ene12,21006.51
20Ene12,20887.84
23Ene12,21206.06
24Ene12,21277.53
25Ene12,21410.67
26Ene12,21645.82
27Ene12,21843.63
30Ene12,21852.1
31Ene12,21948.07
01Feb12,22371.22
02Feb12,22686.68
03Feb12,22918.62
06Feb12,22906.38
07Feb12,22803.81
08Feb12,22730.7
09Feb12,22697.16
10Feb12,22508.29
13Feb12,22429.9
14Feb12,22269.27
15Feb12,22276.71
16Feb12,22360.79
17Feb12,22456.8
20Feb12,22604.62
21Feb12,22873.38
22Feb12,22870.86
23Feb12,22835.83
24Feb12,22825.87
27Feb12,22729.93
28Feb12,22900.81
29Feb12,22728.75
01Mar12,22982.85
02Mar12,23163.87
05Mar12,22967.3
06Mar12,22664.72
07Mar12,22839.18
08Mar12,23033.26
09Mar12,23232.5
12Mar12,22997.66
13Mar12,23145.52
14Mar12,23015.47
15Mar12,22974.79
16Mar12,22962.52
19Mar12,23079.77
20Mar12,22935.7
21Mar12,23056.42
22Mar12,22772.6
23Mar12,22953.79
26Mar12,23334.57
27Mar12,23650.62
28Mar12,23537.51
29Mar12,23335.12
30Mar12,23612.02
02Abr12,24051.62
03Abr12,24035.61
04Abr12,23622.59
05Abr12,23622.59
06Abr12,23622.59
09Abr12,23405.64
10Abr12,23284.84
11Abr12,23270.01
12Abr12,23471.36
13Abr12,23335.66
16Abr12,23268.5
17Abr12,23361.21
18Abr12,23274.98
19Abr12,23149.97
20Abr12,23264.9
23Abr12,22938.24
24Abr12,22945.72
25Abr12,22845.02
26Abr12,22799.41
27Abr12,22908.98
30Abr12,22677.93
01May12,22677.93
02May12,22379.99
03May12,22055.99
04May12,22138.03
07May12,21967.93
08May12,21393.59
09May12,21550.8
10May12,21763.94
11May12,21662.45
14May12,21255.2
15May12,20871.12
16May12,20856.99
17May12,20622.02
18May12,20501.81
21May12,20680.89
22May12,20726.59
23May12,20536.83
24May12,20637.22
25May12,20744.49
28May12,20849.26
29May12,21026.33
30May12,20875.09
31May12,20997.56
01Jun12,20700.68
04Jun12,20575.03
05Jun12,20655.57
06Jun12,21018.91
07Jun12,21020.17
08Jun12,20957.55
11Jun12,20905.8
12Jun12,20887.63
13Jun12,20812.6
14Jun12,20702.9
15Jun12,20634.18
18Jun12,20714.6
19Jun12,20776.54
20Jun12,20712.41
21Jun12,20434.58
22Jun12,20509.26
25Jun12,20426.87
26Jun12,20372.07
27Jun12,20334.85
28Jun12,20207.16
29Jun12,20207.16
02Jul12,20645.1
03Jul12,20776.82
04Jul12,20718.49
05Jul12,20661.89
06Jul12,20602.68
09Jul12,20434.36
10Jul12,20224.52
11Jul12,20089.31
12Jul12,19954.85
13Jul12,20107.13
16Jul12,20067.35
17Jul12,20033.85
18Jul12,20088.64
19Jul12,20115.5
20Jul12,20023.06
23Jul12,19754.37
24Jul12,19536.55
25Jul12,19544.29
26Jul12,19674.23
27Jul12,19822.53
30Jul12,19692.52
31Jul12,19627.5
01Ago12,19452.8
02Ago12,19282.92
03Ago12,19730.47
06Ago12,19738.5
07Ago12,19754.17
08Ago12,19769.55
09Ago12,19748.2
10Ago12,19806.65
13Ago12,19736.77
14Ago12,19833.06
15Ago12,19844.55
16Ago12,20022.02
17Ago12,20105.31
20Ago12,20107.08
21Ago12,20304.73
22Ago12,20295.43
23Ago12,20177.65
24Ago12,20215.36
27Ago12,20265.77
28Ago12,20230.82
29Ago12,20197.62
30Ago12,20197.62
31Ago12,20311.66
03Set12,20270.41
04Set12,19985.31
05Set12,19977.86
06Set12,20161.75
07Set12,20494.04
10Set12,20536.23
11Set12,20717.42
12Set12,20997.78
13Set12,21435.23
14Set12,21951.8
17Set12,21762.3
18Set12,21610.01
19Set12,21723.63
20Set12,21694.87
21Set12,21884.55
24Set12,21784.77
25Set12,21747.83
26Set12,21583.91
27Set12,21736.07
28Set12,21674.79
01Oct12,21674.79
02Oct12,21674.79
03Oct12,21432.79
04Oct12,21680.57
05Oct12,21766.63
08Oct12,21766.63
09Oct12,21508.1
10Oct12,21399.3
11Oct12,21525.1
12Oct12,21410.29
15Oct12,21349.18
16Oct12,21472.51
17Oct12,21529.58
18Oct12,21476.86
19Oct12,21443.3
22Oct12,21402.98
23Oct12,21166.87
24Oct12,21056.94
25Oct12,21011.04
26Oct12,20968.79
29Oct12,20918.6
30Oct12,20952.4
31Oct12,20789.41
01Nov12,20789.41
02Nov12,20865.63
05Nov12,20978.92
06Nov12,20935.86
07Nov12,20886.62
08Nov12,21115.06
09Nov12,21046.16
12Nov12,21060.33
13Nov12,21067.94
14Nov12,20523.54
15Nov12,20093.83
16Nov12,20044
19Nov12,20307.63
20Nov12,20191.7
21Nov12,20102.05
22Nov12,20039.84
23Nov12,20227.74
26Nov12,20211.52
27Nov12,20096.61
28Nov12,20073.39
29Nov12,20165.15
30Nov12,20044.62
03Dic12,20291.44
04Dic12,20260.81
05Dic12,20199.39
06Dic12,20192.09
07Dic12,19938.26
10Dic12,19908.02
11Dic12,20147.83
12Dic12,20272.09
13Dic12,20158.65
14Dic12,20147.08
17Dic12,20163.94
18Dic12,20292.21
19Dic12,20466.87
20Dic12,20350.45
21Dic12,20338.87
24Dic12,20307.31
25Dic12,20307.31
26Dic12,20354.4
27Dic12,20377.63
28Dic12,20548.18
31Dic12,20629.35
01Ene13,20629.35
02Ene13,21016.02
03Ene13,21120.35
04Ene13,21221.45
07Ene13,21336.93
08Ene13,21544.54
09Ene13,21588.08
10Ene13,21902.23
11Ene13,21905.52
14Ene13,21870.35
15Ene13,21735.27
16Ene13,21836.92
17Ene13,21761.43
18Ene13,21666.72
21Ene13,21747.62
22Ene13,21625.27
23Ene13,21651.73
24Ene13,21500.47
25Ene13,21282.8
28Ene13,20926.11
29Ene13,20940.92
30Ene13,21305.86
31Ene13,21435.29
01Feb13,21800.27
04Feb13,21641.7
05Feb13,21730.15
06Feb13,21754.08
07Feb13,21707.35
08Feb13,21778.57
11Feb13,21613.02
12Feb13,21627.8
13Feb13,21612.37
14Feb13,21395.36
15Feb13,21108.1
18Feb13,21106.48
19Feb13,21026.39
20Feb13,20818.86
21Feb13,20663.4
22Feb13,20633.63
25Feb13,20562.5
26Feb13,20678.88
27Feb13,20640.62
28Feb13,20611.68
01Mar13,20646.48
04Mar13,20385.47
05Mar13,20446.4
06Mar13,20560.62
07Mar13,20364.56
08Mar13,20384.79
11Mar13,20360.8
12Mar13,20218.3
13Mar13,19796.57
14Mar13,19796.84
15Mar13,20196.13
18Mar13,20155.47
19Mar13,19815.95
20Mar13,19852.6
21Mar13,19966.45
22Mar13,19992.52
25Mar13,19744.55
26Mar13,19762.85
27Mar13,19858.95
28Mar13,19858.95
29Mar13,19858.95
01Abr13,19917.41
02Abr13,19702.15
03Abr13,19549.08
04Abr13,19608.48
05Abr13,19509.57
08Abr13,19381.26
09Abr13,19494.2
10Abr13,19389.54
11Abr13,19462.2
12Abr13,19226.88
15Abr13,18435.84
16Abr13,18487.57
17Abr13,17915.72
18Abr13,17858.14
19Abr13,17904.84
22Abr13,17900.16
23Abr13,17781.56
24Abr13,17662.16
25Abr13,18153.91
26Abr13,17789.27
29Abr13,17822.09
30Abr13,17352.92
01May13,17352.92
02May13,17447.61
03May13,17652.27
06May13,17706.34
07May13,17408.11
08May13,17575.32
09May13,17812.75
10May13,17801.38
13May13,17996.48
14May13,17565.34
15May13,17129.65
16May13,16416.57
17May13,16543.37
20May13,16679.29
21May13,16745.83
22May13,16736.28
23May13,16610.8
24May13,16454.05
27May13,16418.54
28May13,16259.62
29May13,16110.1
30May13,16097.54
31May13,16049.65
03Jun13,15970.84
04Jun13,16063.22
05Jun13,15959.73
06Jun13,15914.96
07Jun13,16114.33
10Jun13,16145.86
11Jun13,15713.69
12Jun13,15761.38
13Jun13,16347.38
14Jun13,16437.48
17Jun13,16645.7
18Jun13,16714.68
19Jun13,16561.75
20Jun13,15746.1
21Jun13,15630.08
24Jun13,15250.53
25Jun13,15328.74
26Jun13,15134.25
27Jun13,15166.67
28Jun13,15549.55
01Jul13,15621.95
02Jul13,15492.35
03Jul13,15450.24
04Jul13,15415.37
05Jul13,15181.7
08Jul13,15152.49
09Jul13,14899.53
10Jul13,14643.03
11Jul13,14955.11
12Jul13,15013.6
15Jul13,15023
16Jul13,15136.15
17Jul13,15326.01
18Jul13,15318.54
19Jul13,15417.65
22Jul13,15524.31
23Jul13,15622.8
24Jul13,15412.89
25Jul13,15335.67
26Jul13,15310.92
29Jul13,15310.92
30Jul13,15122.77
31Jul13,15118.46
01Ago13,15308.76
02Ago13,15298.04
05Ago13,15267.87
06Ago13,15045.4
07Ago13,15082.58
08Ago13,15226.93
09Ago13,15638.41
12Ago13,16255.61
13Ago13,16362.32
14Ago13,16500.91
15Ago13,16509.26
16Ago13,16525.49
19Ago13,16550.76
20Ago13,16681
21Ago13,16615.31
22Ago13,16596.22
23Ago13,16765.36
26Ago13,16855.55
27Ago13,16506.57
28Ago13,16521.58
29Ago13,16652.22
30Ago13,16652.22
02Set13,16714.59
03Set13,16928.39
04Set13,16826.8
05Set13,16767.41
06Set13,16966.79
09Set13,16977.32
10Set13,17130.34
11Set13,17000.43
12Set13,16498.57
13Set13,16444.54
16Set13,16645.76
17Set13,16196.93
18Set13,16154.26
19Set13,16405.7
20Set13,16115.22
23Set13,16043.69
24Set13,15906.88
25Set13,16003.32
26Set13,15805.05
27Set13,15945.97
30Set13,15919.71
01Oct13,15791
02Oct13,15816.68
03Oct13,15648.19
04Oct13,15530.89
07Oct13,15551.31
08Oct13,15551.31
09Oct13,15512.25
10Oct13,15488.27
11Oct13,15460.93
14Oct13,15467.03
15Oct13,15503.33
16Oct13,15540.24
17Oct13,15734.01
18Oct13,15890.28
21Oct13,15916.41
22Oct13,16285.81
23Oct13,16197.65
24Oct13,16223.52
25Oct13,16196.63
28Oct13,16235.15
29Oct13,16393.7
30Oct13,16309.78
31Oct13,16322.01
01Nov13,16322.01
04Nov13,16484.09
05Nov13,16436.35
06Nov13,16401.26
07Nov13,16204.11
08Nov13,15918.69
11Nov13,15945.72
12Nov13,15889.47
13Nov13,15729.61
14Nov13,15709.04
15Nov13,15725.15
18Nov13,15556.41
19Nov13,15310.41
20Nov13,15204.05
21Nov13,15124.5
22Nov13,15097.13
25Nov13,15032.63
26Nov13,15186.45
27Nov13,15174.7
28Nov13,15170.99
29Nov13,15200.4
02Dic13,15142.06
03Dic13,14767.72
04Dic13,14712.12
05Dic13,14654.59
06Dic13,14667.65
09Dic13,14779
10Dic13,15045.13
11Dic13,15079.71
12Dic13,15171.99
13Dic13,15264.77
16Dic13,15545.4
17Dic13,15716.91
18Dic13,15706.96
19Dic13,15574.71
20Dic13,15493.37
23Dic13,15472.12
24Dic13,15518.74
25Dic13,15518.74
26Dic13,15593.06
27Dic13,15595.38
30Dic13,15642.75
31Dic13,15642.75
01Ene14,15753.65
02Ene14,15876.48
03Ene14,15878.75
06Ene14,15839.65
07Ene14,15830.62
08Ene14,15955.59
09Ene14,15954.3
10Ene14,16072.72
13Ene14,16140.16
14Ene14,16133.42
15Ene14,16179.3
16Ene14,16321.6
17Ene14,16465.43
20Ene14,16535.05
21Ene14,16530.24
22Ene14,16380.63
23Ene14,16377.16
24Ene14,16056.19
27Ene14,15786.49
28Ene14,15633.76
29Ene14,15396.45
30Ene14,15550.22
31Ene14,15452.05
03Feb14,15050.95
04Feb14,15080.39
05Feb14,15071.95
06Feb14,15109.53
07Feb14,15349.08
10Feb14,15284.58
11Feb14,15330.41
12Feb14,15351.01
13Feb14,15447.67
14Feb14,15564.23
17Feb14,15604.35
18Feb14,15565.93
19Feb14,15417.88
20Feb14,15479.51
21Feb14,15564.71
24Feb14,15593.31
25Feb14,15488.66
26Feb14,15349.5
27Feb14,15306.96
28Feb14,15441.26
03Mar14,15156.89
04Mar14,15210.19
05Mar14,15184.22
06Mar14,15225.12
07Mar14,15129.25
10Mar14,15097.11
11Mar14,15110.22
12Mar14,15155.35
13Mar14,14874.97
14Mar14,14804.94
17Mar14,14768.52
18Mar14,14676.63
19Mar14,14455.76
20Mar14,14454.23
21Mar14,14407.32
24Mar14,14341.02
25Mar14,14134.53
26Mar14,14032.78
27Mar14,14037.48
28Mar14,14273.32
31Mar14,14298.92
01Abr14,14297.44
02Abr14,14298.84
03Abr14,14282.55
04Abr14,14298.89
07Abr14,14302.95
08Abr14,14496.39
09Abr14,14572.88
10Abr14,14761.23
11Abr14,14689.57
14Abr14,14769.21
15Abr14,14619.67
16Abr14,14648.56
17Abr14,14648.56
18Abr14,14648.56
21Abr14,14691.51
22Abr14,14800.99
23Abr14,14949.74
24Abr14,15129.66
25Abr14,15099.65
28Abr14,15093.64
29Abr14,15247.13
30Abr14,15528.38
01May14,15528.38
02May14,15572.52
05May14,15636.6
06May14,15605.98
07May14,15677
08May14,15851.4
09May14,15881.39
12May14,16112.52
13May14,15815.85
14May14,15758.68
15May14,15792.3
16May14,15751.73
19May14,15670.95
20May14,15676.32
21May14,15642.04
22May14,15741.4
23May14,15788.07
26May14,15783.79
27May14,15770.34
28May14,15663.09
29May14,15672.46
30May14,15753.25
02Jun14,15740.19
03Jun14,15754
04Jun14,15667.79
05Jun14,15909.82
06Jun14,15957.13
09Jun14,16050.64
10Jun14,16051.58
11Jun14,16075.62
12Jun14,16236.02
13Jun14,16210.72
16Jun14,16254.8
17Jun14,16325.41
18Jun14,16416.82
19Jun14,16665.33
20Jun14,16641.54
23Jun14,16636.9
24Jun14,16490.87
25Jun14,16494.35
26Jun14,16553.74
27Jun14,16496.01
30Jun14,16662.28
01Jul14,16718.72
02Jul14,16766.65
03Jul14,16903.33
04Jul14,16986
07Jul14,16999.62
08Jul14,17082.05
09Jul14,17202.87
10Jul14,17137.38
11Jul14,17152.95
14Jul14,17066.87
15Jul14,16862.7
16Jul14,16852.04
17Jul14,16841.88
18Jul14,16871.23
21Jul14,16942.47
22Jul14,17006.07
23Jul14,17032.88
24Jul14,16968.57
25Jul14,17022.2
28Jul14,17022.2
29Jul14,17022.2
30Jul14,16882.83
31Jul14,16866.07
01Ago14,16922.14
04Ago14,16930.33
05Ago14,16787.32
06Ago14,16898.38
07Ago14,16861.87
08Ago14,16812.54
11Ago14,16843.52
12Ago14,16836.93
13Ago14,16799.94
14Ago14,16804.75
15Ago14,16758.53
18Ago14,16950.61
19Ago14,16954.8
20Ago14,16969.2
21Ago14,16979.49
22Ago14,17036.21
25Ago14,17029.72
26Ago14,16942.27
27Ago14,17026.95
28Ago14,17031.38
29Ago14,17010.82
01Set14,17024.49
02Set14,17013.96
03Set14,17218.55
04Set14,17040.53
05Set14,17229.18
08Set14,17248.57
09Set14,17139.06
10Set14,16989.39
11Set14,17076.72
12Set14,16925.71
15Set14,17012
16Set14,17074.8
17Set14,17002.35
18Set14,16908.78
19Set14,16941.95
22Set14,16768.59
23Set14,16787.61
24Set14,16724.63
25Set14,16621.48
26Set14,16600.78
29Set14,16568.19
30Set14,16226.61
01Oct14,15965.63
02Oct14,15736.33
03Oct14,15741.46
06Oct14,15702.63
07Oct14,15419.64
08Oct14,15419.64
09Oct14,15454.57
10Oct14,15547.78
13Oct14,15601.33
14Oct14,15615.66
15Oct14,15819.13
16Oct14,15893.11
17Oct14,16134.26
20Oct14,15817.7
21Oct14,15773.59
22Oct14,15799.48
23Oct14,15996.64
24Oct14,16037.7
27Oct14,15879.49
28Oct14,16004.02
29Oct14,16023.11
30Oct14,15829.53
31Oct14,15673.23
03Nov14,15532.44
04Nov14,15438.97
05Nov14,15094.07
06Nov14,15180.74
07Nov14,15468.98
10Nov14,15446.49
11Nov14,15641.68
12Nov14,15479.6
13Nov14,15403.24
14Nov14,15280.63
17Nov14,15096.86
18Nov14,15177.2
19Nov14,15138.3
20Nov14,15186.36
21Nov14,15335.41
24Nov14,15344.04
25Nov14,15358.94
26Nov14,15358.57
27Nov14,15238.19
28Nov14,15106.46
01Dic14,15184.14
02Dic14,15057.59
03Dic14,15107.87
04Dic14,14972.32
05Dic14,14749.03
08Dic14,14749.03
09Dic14,14833.52
10Dic14,14920.37
11Dic14,14854.17
12Dic14,14698.21
15Dic14,14422.62
16Dic14,14130.59
17Dic14,14149.26
18Dic14,14390.6
19Dic14,14474.49
22Dic14,14507.01
23Dic14,14551.43
24Dic14,14543.19
25Dic14,14543.19
26Dic14,14669.01
29Dic14,14517.38
30Dic14,14724.48
31Dic14,14794.32
01Ene15,14794.32
02Ene15,14794.32
05Ene15,14540.86
06Ene15,14540.93
07Ene15,14489.66
08Ene15,14432.61
09Ene15,14384.35
12Ene15,14358.7
13Ene15,14018.22
14Ene15,13502.34
15Ene15,13537.47
16Ene15,13563.4
19Ene15,13578.16
20Ene15,13581.74
21Ene15,13394.86
22Ene15,13514.09
23Ene15,13484.07
26Ene15,13579.33
27Ene15,13740.58
28Ene15,13630.74
29Ene15,13465.25
30Ene15,13669.78
02Feb15,13542.85
03Feb15,13633.88
04Feb15,13755.51
05Feb15,13800.41
06Feb15,13534.77
09Feb15,13620.86
10Feb15,13552.85
11Feb15,13504.13
12Feb15,13679.43
13Feb15,13972.14
16Feb15,14048.35
17Feb15,13767.83
18Feb15,13836.16
19Feb15,13861.92
20Feb15,13768.68
23Feb15,13460.43
24Feb15,13493.65
25Feb15,13379.83
26Feb15,13353.22
27Feb15,13397.42
02Mar15,13420.88
03Mar15,13374.89
04Mar15,13334.85
05Mar15,13276
06Mar15,13018.53
09Mar15,12716.48
10Mar15,12634.01
11Mar15,12586.19
12Mar15,12634.37
13Mar15,12636.75
16Mar15,12479.88
17Mar15,12529.81
18Mar15,12620.68
19Mar15,12582.06
20Mar15,12690.25
23Mar15,12524.78
24Mar15,12521.45
25Mar15,12414.35
26Mar15,12374.41
27Mar15,12375.11
30Mar15,12417.14
31Mar15,12461.81
01Abr15,12717.95
02Abr15,12717.95
03Abr15,12717.95
06Abr15,12949.61
07Abr15,12878.14
08Abr15,12802.56
09Abr15,12823.19
10Abr15,12887.65
13Abr15,12884.19
14Abr15,12932.14
15Abr15,13020.72
16Abr15,13138.01
17Abr15,13044.42
20Abr15,12999.62
21Abr15,12967.09
22Abr15,13024.34
23Abr15,13075.31
24Abr15,13071.7
27Abr15,13183.45
28Abr15,13217.95
29Abr15,13237.66
30Abr15,13366.86
01May15,13366.86
04May15,13595.58
05May15,13640.26
06May15,13617.93
07May15,13547.46
08May15,13516.81
11May15,13610.45
12May15,13623.68
13May15,13769.06
14May15,13772.34
15May15,13769.28
18May15,13604.84
19May15,13482.71
20May15,13478.72
21May15,13346.01
22May15,13391.57
25May15,13429.56
26May15,13256.74
27May15,13188.15
28May15,13188.73
29May15,13180.61
01Jun15,13048.17
02Jun15,13224.93
03Jun15,13088.81
04Jun15,13053.03
05Jun15,13052
08Jun15,12985.77
09Jun15,12946.18
10Jun15,13003.88
11Jun15,13007.1
12Jun15,13022.36
15Jun15,12960.09
16Jun15,12897.29
17Jun15,13065.6
18Jun15,13094.98
19Jun15,13131.05
22Jun15,13196.12
23Jun15,13244.79
24Jun15,13306.99
25Jun15,13187.66
26Jun15,13284.37
29Jun15,13284.37
30Jun15,13113.17
01Jul15,13090.1
02Jul15,13052.91
03Jul15,13054.91
06Jul15,12896.75
07Jul15,12837.56
08Jul15,12694.81
09Jul15,12662.06
10Jul15,12701.42
13Jul15,12769.72
14Jul15,12795.86
15Jul15,12728.43
16Jul15,12696.56
17Jul15,12519.26
20Jul15,12257.79
21Jul15,12302.83
22Jul15,12236.28
23Jul15,12046.74
24Jul15,11969
27Jul15,n.d.
28Jul15,n.d.
29Jul15,n.d.
30Jul15,11968.64
31Jul15,11987.88
03Ago15,11759.65
04Ago15,11686.71
05Ago15,11720.57
06Ago15,11667.19
07Ago15,11609.36
10Ago15,11775.78
11Ago15,11615.31
12Ago15,11585.37
13Ago15,11513.45
14Ago15,10908.66
17Ago15,10737.66
18Ago15,10688.51
19Ago15,10559.68
20Ago15,10473.66
21Ago15,10193.84
24Ago15,9752.81
25Ago15,9782.62
26Ago15,9770.21
27Ago15,10257.31
28Ago15,10482.15
31Ago15,10340.49
01Set15,10202.09
02Set15,10192.64
03Set15,10176.45
04Set15,10089.1
07Set15,10114.14
08Set15,10166.4
09Set15,10137.63
10Set15,10263.7
11Set15,10312.36
14Set15,10266.07
15Set15,10224.84
16Set15,10316.28
17Set15,10306.67
18Set15,10277.18
21Set15,10279.45
22Set15,10102.38
23Set15,10046.98
24Set15,9982.91
25Set15,9989.42
28Set15,9838.02
29Set15,9894.19
30Set15,10030.57
01Oct15,10114.65
02Oct15,10072.65
05Oct15,10407.1
06Oct15,10499.67
07Oct15,10574.8
08Oct15,10574.8
09Oct15,10574.8
12Oct15,10613.2
13Oct15,10650.28
14Oct15,10759.6
15Oct15,10756.43
16Oct15,10646.02
19Oct15,10597.33
20Oct15,10629.21
21Oct15,10571.31
22Oct15,10650.8
23Oct15,10796.67
26Oct15,10781.89
27Oct15,10680.11
28Oct15,10691.86
29Oct15,10590.36
30Oct15,10545.61
02Nov15,10545.41
03Nov15,10624.49
04Nov15,10617.96
05Nov15,10584.78
06Nov15,10577.13
09Nov15,10550.59
10Nov15,10463.91
11Nov15,10538.01
12Nov15,10482.89
13Nov15,10406.57
16Nov15,10368.93
17Nov15,10334.01
18Nov15,10313.44
19Nov15,10424.29
20Nov15,10413.44
23Nov15,10422.11
24Nov15,10458.09
25Nov15,10378.56
26Nov15,10377.4
27Nov15,10223.33
30Nov15,10226.89
01Dic15,10301.34
02Dic15,10172.97
03Dic15,10132.56
04Dic15,10246.85
07Dic15,10184.8
08Dic15,n.d.
09Dic15,10175.88
10Dic15,10079.29
11Dic15,10014.71
14Dic15,9876.13
15Dic15,9898.88
16Dic15,9926.33
17Dic15,9874.43
18Dic15,9675.68
21Dic15,9641.45
22Dic15,9706.85
23Dic15,9867.81
24Dic15,9872.93
25Dic15,n.d.
28Dic15,9738.08
29Dic15,9822.85
30Dic15,9799.79
31Dic15,9848.59
01Ene16,9848.59
04Ene16,9793.09
05Ene16,9697.08
06Ene16,9613.15
07Ene16,9454.62
08Ene16,9328.2
11Ene16,9152.27
12Ene16,9157.32
13Ene16,9097.12
14Ene16,9108.86
15Ene16,9047.4
18Ene16,9036.96
19Ene16,8892.26
20Ene16,8878.15
21Ene16,8882.76
22Ene16,9034.28
25Ene16,9058.2
26Ene16,9171.52
27Ene16,9231.37
28Ene16,9307.97
29Ene16,9391.84
01Feb16,9430.44
02Feb16,9275.27
03Feb16,9412.69
04Feb16,9682.72
05Feb16,9699.61
08Feb16,9684.14
09Feb16,9668.8
10Feb16,9885.22
11Feb16,9885.22
12Feb16,10205.04
15Feb16,10242.83
16Feb16,10274.06
17Feb16,10339.14
18Feb16,10374.19
19Feb16,10372.43
22Feb16,10586.24
23Feb16,10608.5
24Feb16,10675.59
25Feb16,10732.79
26Feb16,10716.33
29Feb16,10742.19
01Mar16,10771.99
02Mar16,11055.8
03Mar16,11140.07
04Mar16,11278.58
07Mar16,11419.89
08Mar16,11382.79
09Mar16,11497.38
10Mar16,11400.68
11Mar16,11293.95
14Mar16,11261.48
15Mar16,11140.27
16Mar16,11295.56
17Mar16,11678.68
18Mar16,11987.5
21Mar16,12086.39
22Mar16,12042.45
23Mar16,11824.57
24Mar16,11824.57
25Mar16,11824.57
28Mar16,11730.88
29Mar16,11798.86
30Mar16,12071.79
31Mar16,12057.93
01Abr16,11890.43
04Abr16,11729.08
05Abr16,11791.43
06Abr16,11709.12
07Abr16,11410.02
08Abr16,11524.81
11Abr16,12517.38
12Abr16,12801.13
13Abr16,12938.78
14Abr16,12767.49
15Abr16,12814.66
18Abr16,12974.65
19Abr16,13278.48
20Abr16,13242.27
21Abr16,13295.92
22Abr16,13197.09
25Abr16,13170.16
26Abr16,13263.82
27Abr16,13442.89
28Abr16,13509.8
29Abr16,13702.47
02May16,13746
03May16,13545.06
04May16,13267.07
05May16,13262.23
06May16,13332.01
09May16,13143.6
10May16,13451.77
11May16,13549.48
12May16,13523.95
13May16,13641.98
16May16,13762.6
17May16,13723.54
18May16,13565.86
19May16,13416.54
20May16,13418.13
23May16,13498.15
24May16,13439.24
25May16,13491.75
26May16,13581.26
27May16,13552.61
30May16,13605.08
31May16,13535.97
01Jun16,13555.76
02Jun16,13660.16
03Jun16,13949.1
06Jun16,13949.14
07Jun16,13901.01
08Jun16,13910.37
09Jun16,13980.63
10Jun16,13775.92
13Jun16,13621.64
14Jun16,13443.46
15Jun16,13695.79
16Jun16,13626.08
17Jun16,13644.84
20Jun16,13645
21Jun16,13636.01
22Jun16,13616.49
23Jun16,13771.85
24Jun16,13487.69
27Jun16,13395.2
28Jun16,13533.99
29Jun16,13533.99
30Jun16,13856.9
01Jul16,13968.39
04Jul16,14034.84
05Jul16,13790.5
06Jul16,13808.9
07Jul16,13775.73
08Jul16,14052.08
11Jul16,14149.25
12Jul16,14227.54
13Jul16,14308.27
14Jul16,14454.68
15Jul16,14412.62
18Jul16,14543.67
19Jul16,14567.22
20Jul16,14578.84
21Jul16,14777.64
22Jul16,14762.87
25Jul16,14765.31
26Jul16,14904.21
27Jul16,15210.97
28Jul16,15210.97
29Jul16,15210.97
01Ago16,15367.32
02Ago16,15333.18
03Ago16,15404.77
04Ago16,15455.28
05Ago16,15395.35
08Ago16,15301.49
09Ago16,15233.49
10Ago16,15376.11
11Ago16,15442.22
12Ago16,15373.68
15Ago16,15434.25
16Ago16,15386.44
17Ago16,15376.22
18Ago16,15528.94
19Ago16,15590.3
22Ago16,15555.94
23Ago16,15538.41
24Ago16,15308.46
25Ago16,15271.67
26Ago16,15220.15
29Ago16,15393.48
30Ago16,15393.48
31Ago16,15130.24
01Set16,15257
02Set16,15468
05Set16,15564.42
06Set16,15688.49
07Set16,15738.3
08Set16,15715.29
09Set16,15482.85
12Set16,15524.82
13Set16,15297.23
14Set16,15301.94
15Set16,15312.28
16Set16,15135.8
19Set16,15201.77
20Set16,15241.21
21Set16,15373.88
22Set16,15456.3
23Set16,15324.63
26Set16,15208.51
27Set16,15074.8
28Set16,15222.98
29Set16,15277.78
30Set16,15296.98
03Oct16,15246.65
04Oct16,15072.04
05Oct16,15071.07
06Oct16,15005.13
07Oct16,15060.6
10Oct16,15068.89
11Oct16,15007.17
12Oct16,15066.18
13Oct16,14986.09
14Oct16,15012.58
17Oct16,14993.82
18Oct16,15175.15
19Oct16,15294.99
20Oct16,15311.19
21Oct16,15243.71
24Oct16,15181.7
25Oct16,15247.57
26Oct16,15256.83
27Oct16,15186.14
28Oct16,15100.86
31Oct16,15171.04
01Nov16,15171.04
02Nov16,15055.61
03Nov16,15002.94
04Nov16,15163.6
07Nov16,15409.85
08Nov16,15336.17
09Nov16,15440.18
10Nov16,15784.29
11Nov16,15516.45
14Nov16,15477.29
15Nov16,15361.26
16Nov16,15261.1
17Nov16,15261.1
18Nov16,15261.1
21Nov16,15196.72
22Nov16,15246.79
23Nov16,15266.06
24Nov16,15307.43
25Nov16,15390.6
28Nov16,15396.94
29Nov16,15303.28
30Nov16,15414.97
01Dic16,15545.97
02Dic16,15484.85
05Dic16,15601.24
06Dic16,15591.84
07Dic16,15633.28
08Dic16,15633.28
09Dic16,15612.94
12Dic16,15484.55
13Dic16,15434.23
14Dic16,15433.68
15Dic16,15384.98
16Dic16,15404.72
19Dic16,15360.01
20Dic16,15438.79
21Dic16,15577.99
22Dic16,15535.01
23Dic16,15433.74
26Dic16,15453.05
27Dic16,15491.27
28Dic16,15529.04
29Dic16,15607.64
30Dic16,15566.96
02Ene17,15534.94
03Ene17,15827.43
04Ene17,15970.5
05Ene17,16036.09
06Ene17,15984.81
09Ene17,16044.74
10Ene17,16205.74
11Ene17,16079.92
12Ene17,16009.32
13Ene17,16018.04
16Ene17,16011.19
17Ene17,15905.37
18Ene17,15895
19Ene17,15726.74
20Ene17,15696.1
23Ene17,15838.14
24Ene17,16096.64
25Ene17,16199.82
26Ene17,16056.3
27Ene17,16023.49
30Ene17,15944.5
31Ene17,15983.95
01Feb17,16048.53
02Feb17,16082.46
03Feb17,16149.37
06Feb17,16242.64
07Feb17,16407.15
08Feb17,16415.54
09Feb17,16283
10Feb17,16441.86
13Feb17,16444.87
14Feb17,16327.08
15Feb17,16344.82
16Feb17,16299.19
17Feb17,16254.53
20Feb17,16179.55
21Feb17,16314.11
22Feb17,16319.33
23Feb17,16223.64
24Feb17,15935.2
27Feb17,15740.41
28Feb17,15766.12
01Mar17,16030.39
02Mar17,15916.18
03Mar17,15896.26
06Mar17,15608.76
07Mar17,15449.88
08Mar17,15391.73
09Mar17,15274.73
10Mar17,15306.28
13Mar17,15315.08
14Mar17,15054.77
15Mar17,15293.5
16Mar17,15504.09
17Mar17,15518.44
20Mar17,15054.77
21Mar17,15462.38
22Mar17,15412.45
23Mar17,15492.47
24Mar17,15512.05
27Mar17,15460.62
28Mar17,15581.49
29Mar17,15624.93
30Mar17,15673.12
31Mar17,15757.01
03Abr17,15787.42
04Abr17,15924.81
05Abr17,15997.85
06Abr17,15910.78
07Abr17,15844.2
10Abr17,15779.11
11Abr17,15791
12Abr17,15841.95
13Abr17,15841.95
14Abr17,15841.95
17Abr17,15750.63
18Abr17,15617.29
19Abr17,15586.93
20Abr17,15686.23
21Abr17,15646.39
24Abr17,15545.59
25Abr17,15538.13
26Abr17,15654.9
27Abr17,15495.33
28Abr17,15559.3
01May17,15559.3
02May17,15703.48
03May17,15661.05
04May17,15595.64
05May17,15722.31
08May17,15772.6
09May17,15870.71
10May17,16024.42
11May17,16134.24
12May17,16190.28
15May17,16246.36
16May17,16136.54
17May17,16171.85
18May17,16136.54
19May17,16186.44
22May17,16191.83
23May17,16137.92
24May17,16014.94
25May17,16029.21
26May17,16073.03
29May17,16150.57
30May17,16053.44
31May17,16000.08
01Jun17,15943.19
02Jun17,15910.6
05Jun17,15958.44
06Jun17,16061.17
07Jun17,16091.83
08Jun17,16153.09
09Jun17,16198.71
12Jun17,16046.51
13Jun17,16098.88
14Jun17,16129.13
15Jun17,15903.5
16Jun17,15858.77
19Jun17,15987.77
20Jun17,15879.38
21Jun17,16022.16
22Jun17,16005.18
23Jun17,16076.77
26Jun17,16078.92
27Jun17,16077.89
28Jun17,16017.14
29Jun17,16017.14
30Jun17,16132.87
03Jul17,16186.84
04Jul17,16248.71
05Jul17,16254.73
06Jul17,16166.37
07Jul17,16172.49
10Jul17,16158.83
11Jul17,16321.7
12Jul17,16414.87
13Jul17,16388.51
14Jul17,16512.25
17Jul17,16582.25
18Jul17,16554.12
19Jul17,16578.22
20Jul17,16573.92
21Jul17,16621.76
24Jul17,16616.15
25Jul17,16740.67
26Jul17,16761.94
27Jul17,16855.81
28Jul17,16855.81
31Jul17,16750.17
01Ago17,16844.12
02Ago17,16850.5
03Ago17,16882.53
04Ago17,16825.97
07Ago17,16797.1
08Ago17,16995.64
09Ago17,17125.93
10Ago17,16891.34
11Ago17,16887.89
14Ago17,16950.07
15Ago17,16949.99
16Ago17,17179.11
17Ago17,17077.86
18Ago17,17245.49
21Ago17,17378.49
22Ago17,17448.97
23Ago17,17395.53
24Ago17,17511.86
25Ago17,17561.08
28Ago17,17634.19
29Ago17,17607.98
30Ago17,17607.98
31Ago17,17616.44
01Set17,17830.31
04Set17,17889.57
05Set17,17878.29
06Set17,18113.87
07Set17,18059.32
08Set17,17943.85
11Set17,18067.99
12Set17,18050.38
13Set17,18070.66
14Set17,18060.39
15Set17,18150.42
18Set17,18166.08
19Set17,18100.3
20Set17,18049.98
21Set17,18087.42
22Set17,18020.99
25Set17,18208.13
26Set17,18230.7
27Set17,18277.58
28Set17,18538.27
29Set17,18087.42
02Oct17,18798.02
03Oct17,19065.87
04Oct17,19363.39
05Oct17,19610.46
06Oct17,19479.14
09Oct17,19405.99
10Oct17,19327.92
11Oct17,19346.43
12Oct17,19473.06
13Oct17,19628.15
16Oct17,19760.69
17Oct17,19694.52
18Oct17,19655.27
19Oct17,19473.06
20Oct17,19768.62
23Oct17,19903.02
24Oct17,19952.95
25Oct17,19912.47
26Oct17,19940.2
27Oct17,19952.84
30Oct17,19866.23
31Oct17,19874.12
01Nov17,19874.12
02Nov17,20082.61
03Nov17,20099.63
06Nov17,20157.27
07Nov17,19978.71
08Nov17,19958.55
09Nov17,19961.68
10Nov17,19680.91
13Nov17,19594.04
14Nov17,19498.6
15Nov17,19426.01
16Nov17,19385.7
17Nov17,19518.28
20Nov17,19582.27
21Nov17,19766.71
22Nov17,19886
23Nov17,19932.43
24Nov17,20011.1
27Nov17,19832.89
28Nov17,19811.52
29Nov17,19782.61
30Nov17,19722.18
01Dic17,19766.72
04Dic17,19658.69
05Dic17,19430.59
06Dic17,19242.56
07Dic17,19232.22
08Dic17,19232.22
11Dic17,19206.14
12Dic17,19289.55
13Dic17,19251.16
14Dic17,18655.24
15Dic17,18589.37
18Dic17,18977.16
19Dic17,19066.22
20Dic17,19257.26
21Dic17,19240.39
22Dic17,19660.4
25Dic17,19660.4
26Dic17,19604.92
27Dic17,19661.48
28Dic17,19839.44
29Dic17,19974.38
01Ene18,19974.38
02Ene18,20280.67
03Ene18,20320.9
04Ene18,20490.25
05Ene18,20640.87
08Ene18,20548.08
09Ene18,20547.98
10Ene18,20554.53
11Ene18,20588.82
12Ene18,20777.07
15Ene18,20788.49
16Ene18,20838.56
17Ene18,20808.77
18Ene18,20847.61
19Ene18,20934.58
22Ene18,20948.21
23Ene18,20991.09
24Ene18,21246.5
25Ene18,21247.2
26Ene18,21380.22
29Ene18,21374.35
30Ene18,21136.98
31Ene18,21068.89
01Feb18,21084.97
02Feb18,20720.94
05Feb18,20511.03
06Feb18,20606.98
07Feb18,20554.51
08Feb18,20195.57
09Feb18,20196.79
12Feb18,20339.68
13Feb18,20458.92
14Feb18,20858.59
15Feb18,20895.48
16Feb18,20759.16
19Feb18,20730.62
20Feb18,20652.07
21Feb18,20704.94
22Feb18,20689.05
23Feb18,20768.07
26Feb18,20807.84
27Feb18,20805.08
28Feb18,20831.78
01Mar18,20753.54
02Mar18,20832.77
05Mar18,20848.51
06Mar18,21043.51
07Mar18,20865.18
08Mar18,20793.7
09Mar18,20943.01
12Mar18,20876.75
13Mar18,20824.11
14Mar18,20683.8
15Mar18,20639.09
16Mar18,20626.02
19Mar18,20534.43
20Mar18,20658.27
21Mar18,20840.67
22Mar18,20557.35
23Mar18,20640.33
26Mar18,20667.58
27Mar18,20600.18
28Mar18,20558.84
29Mar18,20558.84
30Mar18,20558.84
02Abr18,20775.67
03Abr18,20882.07
04Abr18,21012.69
05Abr18,21135.29
06Abr18,21038.12
09Abr18,21007.22
10Abr18,21155.83
11Abr18,21200.76
12Abr18,21116.35
13Abr18,21116.35
16Abr18,21031.52
17Abr18,21308.8
18Abr18,21361.98
19Abr18,21414.91
20Abr18,21454.91
23Abr18,21516.09
24Abr18,21504.17
25Abr18,21357.15
26Abr18,21467.14
27Abr18,21410.3
30Abr18,21428.86
01May18,21428.86
02May18,21328.86
03May18,21148.32
04May18,21151.44
07May18,21176.48
08May18,21136.69
09May18,21143.13
10May18,21267.78
11May18,21248.8
14May18,21088.82
15May18,21116.12
16May18,20952.86
17May18,21088.99
18May18,21094.66
21May18,21114.27
22May18,21121.48
23May18,20906.95
24May18,20988.53
25May18,20992.36
28May18,21003.81
29May18,20718.13
30May18,20786.96
31May18,20814.29
01Jun18,21018.11
04Jun18,21128.17
05Jun18,21188.57
06Jun18,21346.75
07Jun18,21228.44
08Jun18,21203.95
11Jun18,21197.11
12Jun18,21321.28
13Jun18,21137.38
14Jun18,21030.63
15Jun18,20732.88
18Jun18,20639.08
19Jun18,20566.9
20Jun18,20445.27
21Jun18,20360.46
22Jun18,20325.83
25Jun18,20149.21
26Jun18,20039.05
27Jun18,20005.93
28Jun18,19800.26
29Jun18,19800.26
02Jul18,19872.86
03Jul18,19682.4
04Jul18,19670.67
05Jul18,19900.89
06Jul18,19953.92
09Jul18,20095.9
10Jul18,20019.89
11Jul18,19711.52
12Jul18,19730.34
13Jul18,19749.09
16Jul18,19727.32
17Jul18,20001.6
18Jul18,20032.4
19Jul18,19965.79
20Jul18,20045.54
23Jul18,20134.6
24Jul18,20331.12
25Jul18,20347.13
26Jul18,20414.42
27Jul18,20373.96
30Jul18,20384.47
31Jul18,20485.72
01Ago18,20407.92
02Ago18,20176.92
03Ago18,20287.26
06Ago18,20202.46
07Ago18,20223.46
08Ago18,20213.45
09Ago18,20166.05
10Ago18,20124.06
13Ago18,19956.55
14Ago18,19986
15Ago18,19533.38
16Ago18,19493.69
17Ago18,19533.29
20Ago18,19584.5
21Ago18,19452.8
22Ago18,19457.05
23Ago18,19468.42
24Ago18,19631.33
27Ago18,19704.21
28Ago18,19638.25
29Ago18,19653.24
30Ago18,19653.24
31Ago18,19443.11
03Set18,19467.27
04Set18,19169.03
05Set18,18942.14
06Set18,18875.65
07Set18,18900.44
10Set18,18896.63
11Set18,18757.86
12Set18,19026.7
13Set18,18970.62
14Set18,18934.81
17Set18,18772.92
18Set18,18885.3
19Set18,19175.75
20Set18,19488.34
21Set18,19609.61
24Set18,19575.04
25Set18,19585.06
26Set18,19604
27Set18,19537.65
28Set18,19564.07
01Oct18,19570.45
02Oct18,19694.04
03Oct18,19823.44
04Oct18,19629.02
05Oct18,19357.74
08Oct18,19357.74
09Oct18,19390.92
10Oct18,19211.34
11Oct18,19232.2
12Oct18,19231.14
15Oct18,19306.34
16Oct18,19360.44
17Oct18,19290.61
18Oct18,19064.32
19Oct18,18895.09
22Oct18,18905.75
23Oct18,18708.69
24Oct18,18657.99
25Oct18,18657.68
26Oct18,18576.36
29Oct18,18593.16
30Oct18,18641.35
31Oct18,18909.4
01Nov18,18909.4
02Nov18,19165.7
05Nov18,19273.8
06Nov18,19302.11
07Nov18,19266.2
08Nov18,19278.82
09Nov18,19080.49
12Nov18,18935.49
13Nov18,18975.75
14Nov18,18989.87
15Nov18,19183.65
16Nov18,19446.81
19Nov18,19363.65
20Nov18,19046.65
21Nov18,19134.29
22Nov18,19219.92
23Nov18,18894.13
26Nov18,18974.47
27Nov18,18999.05
28Nov18,19207.4
29Nov18,19303.62
30Nov18,19180.97
03Dic18,19361.77
04Dic18,19451.9
05Dic18,19529.61
06Dic18,19322.91
07Dic18,19405.23
10Dic18,19202.09
11Dic18,19249.9
12Dic18,19245.58
13Dic18,19201.21
14Dic18,19073.49
17Dic18,19128.29
18Dic18,19156.63
19Dic18,19119.21
20Dic18,19085.34
21Dic18,18997.14
24Dic18,19015.97
25Dic18,19015.97
26Dic18,19099.23
27Dic18,19205.78
28Dic18,19305.02
31Dic18,19350.4
01Ene19,19350.4
02Ene19,19368.14
03Ene19,19242.78
04Ene19,19469.46
07Ene19,19490.95
08Ene19,19378.67
09Ene19,19565.91
10Ene19,19699.12
11Ene19,19617.04
14Ene19,19668.77
15Ene19,19538.41
16Ene19,19582.05
17Ene19,19658.94
18Ene19,19576.87
21Ene19,19580.15
22Ene19,19513.63
23Ene19,19566.34
24Ene19,19691.64
25Ene19,19856.14
28Ene19,19846.78
29Ene19,20041.32
30Ene19,20067.22
31Ene19,20190.87
01Feb19,20294.04
04Feb19,20450.28
05Feb19,20517.61
06Feb19,20532.71
07Feb19,20315.97
08Feb19,20314.77
11Feb19,20138.19
12Feb19,20125.39
13Feb19,20155.01
14Feb19,20226.24
15Feb19,20391.24
18Feb19,20346.15
19Feb19,20417.73
20Feb19,20627.41
21Feb19,20423.26
22Feb19,20560.07
25Feb19,20561.13
26Feb19,20567.61
27Feb19,20569.26
28Feb19,20614.45
01Mar19,20561.58
04Mar19,20611.18
05Mar19,20540.38
06Mar19,20590.13
07Mar19,20540.38
08Mar19,20497.3
11Mar19,20661.2
12Mar19,20746.53
13Mar19,20895.64
14Mar19,20823.38
15Mar19,20919.07
18Mar19,21004.56
19Mar19,21134.48
20Mar19,21195.25
21Mar19,21141.52
22Mar19,21009.3
25Mar19,20982.91
26Mar19,21030.29
27Mar19,20997.1
28Mar19,20976.61
29Mar19,21098.07
01Abr19,21075.93
02Abr19,21105.55
03Abr19,21151.66
04Abr19,21287.28
05Abr19,21367.59
08Abr19,21436.43
09Abr19,21272.66
10Abr19,21279.33
11Abr19,21000.95
12Abr19,21099.81
15Abr19,21004.21
16Abr19,21139.65
17Abr19,20938.43
18Abr19,20938.43
19Abr19,20938.43
22Abr19,20873.79
23Abr19,20824.63
24Abr19,20703.35
25Abr19,20700.38
26Abr19,20846.27
29Abr19,20886.76
30Abr19,20896.5
01May19,20896.5
02May19,20765.92
03May19,20801.52
06May19,20747.16
07May19,20688.02
08May19,20430.44
09May19,20213.3
10May19,20159.52
13May19,19957.71
14May19,20021.44
15May19,20011.32
16May19,19951.9
17May19,19919
20May19,19941.11
21May19,20074.22
22May19,19902.59
23May19,19669.22
24May19,19711.53
27May19,19668.89
28May19,19639.09
29May19,19658.14
30May19,19812.4
31May19,19922.77
03Jun19,19981.1
04Jun19,19986.77
05Jun19,20100.69
06Jun19,20113.62
07Jun19,20298.64
10Jun19,20287.56
11Jun19,20388.77
12Jun19,20407.68
13Jun19,20250.85
14Jun19,20295.8
17Jun19,20206.58
18Jun19,20363.6
19Jun19,20298.91
20Jun19,20587.85
21Jun19,20492.17
24Jun19,20750
25Jun19,20601.04
26Jun19,20609.42
27Jun19,20666.13
28Jun19,20622.79
01Jul19,20727.82
02Jul19,20729.07
03Jul19,20770.43
04Jul19,20845.74
05Jul19,20881.95
08Jul19,20883.96
09Jul19,20707.33
10Jul19,20760.77
11Jul19,20698.61
12Jul19,20738.54
15Jul19,20635
16Jul19,20805.87
17Jul19,20839.3
18Jul19,20919.65
19Jul19,20845.29
22Jul19,20783.49
23Jul19,20729.21
24Jul19,20762.12
25Jul19,20817.15
26Jul19,20692.32
29Jul19,n.d.
30Jul19,20199.61
31Jul19,19957.26
01Ago19,19862.67
02Ago19,19695.44
05Ago19,19396.96
06Ago19,19338.63
07Ago19,19604.48
08Ago19,19653.96
09Ago19,19487.67
12Ago19,19126.72
13Ago19,19226.19
14Ago19,18955.34
15Ago19,18862.77
16Ago19,18915.65
19Ago19,19112.2
20Ago19,19088.02
21Ago19,18965.52
22Ago19,18833.67
23Ago19,18807.43
26Ago19,18723.7
27Ago19,18866.03
28Ago19,19034.99
29Ago19,19106.75
30Ago19,19106.75
02Set19,19279.91
03Set19,19264.76
04Set19,19242.27
05Set19,19487.18
06Set19,19357.65
09Set19,19193.23
10Set19,19211.42
11Set19,19328.81
12Set19,19416.72
13Set19,19416.32
16Set19,19468.26
17Set19,19485.46
18Set19,19506.98
19Set19,19491.36
20Set19,19455.72
23Set19,19370.14
24Set19,19371.18
25Set19,19391.8
26Set19,19630.64
27Set19,19750.35
30Set19,19602.71
01Oct19,19249.81
02Oct19,19008.19
03Oct19,18990.27
04Oct19,19270.23
07Oct19,19232.36
08Oct19,19232.36
09Oct19,19059.65
10Oct19,19034.39
11Oct19,19284.68
14Oct19,19401.49
15Oct19,19405.79
16Oct19,19355.12
17Oct19,19298.57
18Oct19,19407.98
21Oct19,19284.83
22Oct19,19402.99
23Oct19,19502.96
24Oct19,19600.58
25Oct19,19518.94
28Oct19,19561.49
29Oct19,19719.8
30Oct19,19690.62
31Oct19,19904.87
01Nov19,19904.87
04Nov19,20079.56
05Nov19,20067.57
06Nov19,20065.19
07Nov19,20140.82
08Nov19,19853.8
11Nov19,19767
12Nov19,19771.08
13Nov19,19716.28
14Nov19,19581.08
15Nov19,19700.67
18Nov19,19742.8
19Nov19,19743.22
20Nov19,19702.21
21Nov19,19753.04
22Nov19,19885.65
25Nov19,19971.6
26Nov19,19965.93
27Nov19,19942.33
28Nov19,20055.57
29Nov19,20078
02Dic19,20044.4
03Dic19,19759.25
04Dic19,19766.89
05Dic19,19769.52
06Dic19,19874.38
09Dic19,19779.52
10Dic19,19925.83
11Dic19,20022.73
12Dic19,20103.93
13Dic19,20096.56
16Dic19,20010.54
17Dic19,20069.21
18Dic19,20243.15
19Dic19,20439.28
20Dic19,20312.78
23Dic19,20356.48
24Dic19,20414.24
25Dic19,20414.24
26Dic19,20606.9
27Dic19,20579.51
30Dic19,20587.08
31Dic19,20526.13
01Ene20,20526.13
02Ene20,20634.14
03Ene20,20545.51
06Ene20,20568.39
07Ene20,20475.28
08Ene20,20381.92
09Ene20,20420.17
10Ene20,20447.35
13Ene20,20475.92
14Ene20,20489.66
15Ene20,20557.02
16Ene20,20610.52
17Ene20,20727.28
20Ene20,20734.74
21Ene20,20612.18
22Ene20,20679.59
23Ene20,20545.19
24Ene20,20319.2
27Ene20,19964.42
28Ene20,19924.76
29Ene20,19979.74
30Ene20,19914.98
31Ene20,19834.9
03Feb20,19835.79
04Feb20,20251.61
05Feb20,20393.94
06Feb20,20100.81
07Feb20,19883.88
10Feb20,19941.39
11Feb20,19958.87
12Feb20,20059.31
13Feb20,20008.03
14Feb20,19854.48
17Feb20,19841.45
18Feb20,19600.06
19Feb20,19728.32
20Feb20,19715.96
21Feb20,19600.88
24Feb20,19196.6
25Feb20,18852.95
26Feb20,18946.14
27Feb20,18608.19
28Feb20,18264.3
02Mar20,18555.85
03Mar20,18494.81
04Mar20,18837.4
05Mar20,18717.88
06Mar20,18285.94
09Mar20,17323.13
10Mar20,17750.63
11Mar20,17094.31
12Mar20,15312.23
13Mar20,15947.92
16Mar20,15215.21
17Mar20,15403.07
18Mar20,14523.92
19Mar20,14650.97
20Mar20,14389.9
23Mar20,14050.97
24Mar20,14243.5
25Mar20,14539.6
26Mar20,14483.46
27Mar20,13892.62
30Mar20,13911.73
31Mar20,14463.96
01Abr20,13900.05
02Abr20,13785.72
03Abr20,13538.79
06Abr20,13565.64
07Abr20,13774.5
08Abr20,13912.39
09Abr20,13912.39
10Abr20,13912.39
13Abr20,14379.82
14Abr20,14464.82
15Abr20,14456.95
16Abr20,14446.73
17Abr20,14493.95
20Abr20,14625.61
21Abr20,14306.62
22Abr20,14403.89
23Abr20,14403.89
24Abr20,14384.07
27Abr20,14229.95
28Abr20,14345.05
29Abr20,14453.53
30Abr20,14779.28
01May20,14779.28
04May20,14722.3
05May20,14900.48
06May20,14953.76
07May20,15095.05
08May20,15409.18
11May20,15265.59
12May20,15485.86
13May20,15143.33
14May20,15126.21
15May20,15189.15
18May20,15679.31
19May20,15461.57
20May20,15427.15
21May20,15423.58
22May20,15349.3
25May20,15400.12
26May20,15485.68
27May20,15725.53
28May20,15777.54
29May20,15580.85
01Jun20,15743.47
02Jun20,15780.96
03Jun20,16342.08
04Jun20,16618.33
05Jun20,17236.69
08Jun20,17488.35
09Jun20,17323.05
10Jun20,17324.63
11Jun20,16603.5
12Jun20,16824.21
15Jun20,16982.91
16Jun20,17019.55
17Jun20,17008.37
18Jun20,16948.04
19Jun20,16971.98
22Jun20,16913.69
23Jun20,16951.07
24Jun20,16753.23
25Jun20,16632.44
26Jun20,16634.47
29Jun20,16634.47
30Jun20,16878
01Jul20,16724.02
02Jul20,16737.05
03Jul20,16698.71
06Jul20,16976.05
07Jul20,16913.77
08Jul20,16835.88
09Jul20,16599.65
10Jul20,16671.15
13Jul20,16646.36
14Jul20,16574.72
15Jul20,16741.43
16Jul20,16649.49
17Jul20,16752.86
20Jul20,16817.61
21Jul20,17134.52
22Jul20,17243.38
23Jul20,17268.44
24Jul20,17288.66
27Jul20,17700.78
28Jul20,17700.78
29Jul20,17737.74
30Jul20,17614.34
31Jul20,17512.53
03Ago20,17559.53
04Ago20,17571.8
05Ago20,17935.06
06Ago20,18017.36
07Ago20,17972.36
10Ago20,17981.82
11Ago20,17910.34
12Ago20,17983.07
13Ago20,18192.34
14Ago20,18307.13
17Ago20,18467.1
18Ago20,18521.86
19Ago20,18351.95
20Ago20,18349.71
21Ago20,18276.04
24Ago20,18295.22
25Ago20,18252.13
26Ago20,18330.81
27Ago20,18338.47
28Ago20,18420.44
31Ago20,18576.89
01Set20,18675.37
02Set20,18487.05
03Set20,18485.97
04Set20,18137.94
07Set20,18198.36
08Set20,18103.14
09Set20,18268.07
10Set20,18102.31
11Set20,18025.94
14Set20,18163.49
15Set20,17966.92
16Set20,18093.99
17Set20,18021.2
18Set20,17907.13
21Set20,17692.68
22Set20,17777.14
23Set20,17497.24
24Set20,17777.75
25Set20,17743.88
28Set20,17875.08
29Set20,17881.18
30Set20,17948.78
01Oct20,17842.81
02Oct20,17911.56
05Oct20,17953.22
06Oct20,18128.92
07Oct20,17958.64
08Oct20,18032
09Oct20,18112.26
12Oct20,18013.55
13Oct20,17821.17
14Oct20,17835.07
15Oct20,17690.8
16Oct20,17667.51
19Oct20,17617.4
20Oct20,17812.29
21Oct20,18164.72
22Oct20,18066.53
23Oct20,18058.66
26Oct20,17844.41
27Oct20,18157.71
28Oct20,17664.1
29Oct20,17705.84
30Oct20,17472.2
02Nov20,17772.77
03Nov20,17824.47
04Nov20,17709.04
05Nov20,18037.18
06Nov20,17994.83
09Nov20,18896.04
10Nov20,17666.78
11Nov20,17837.75
12Nov20,17804.86
13Nov20,18048.41
16Nov20,18290.33
17Nov20,18517.7
18Nov20,18629.02
19Nov20,18553.16
20Nov20,18810.39
23Nov20,18924.54
24Nov20,19480.87
25Nov20,19642.32
26Nov20,19610.39
27Nov20,19601.09
30Nov20,19796.51
01Dic20,20146.31
02Dic20,20313.85
03Dic20,20474.49
04Dic20,20590.58
07Dic20,20762.62
08Dic20,n.d.
09Dic20,20646.35
10Dic20,20781.79
11Dic20,20474
14Dic20,20485.32
15Dic20,20583.14
16Dic20,20679.22
17Dic20,20811.72
18Dic20,20729.79
21Dic20,20562.09
22Dic20,20493.59
23Dic20,20797.4
24Dic20,20835.73
25Dic20,n.d.
28Dic20,20842.4
29Dic20,20862.78
30Dic20,20967.19
31Dic20,20822.15
01Ene21,n.d.
04Ene21,21023.58
05Ene21,21009.13
06Ene21,21330.35
07Ene21,21693.55
08Ene21,21625.37
11Ene21,21654.59
12Ene21,21618.55
13Ene21,21517.9
14Ene21,21633.82
15Ene21,21465.24
18Ene21,21460.78
19Ene21,21561.72
20Ene21,21541.29
21Ene21,21403.87
22Ene21,21383.82
25Ene21,21394.61
26Ene21,21471.26
27Ene21,21067.66
28Ene21,21289.72
29Ene21,21110.22
01Feb21,21610.03
02Feb21,21451.89
03Feb21,21632.78
04Feb21,21552.2
05Feb21,21783.37
08Feb21,21941.3
09Feb21,22310.78
10Feb21,22492.23
11Feb21,22151.94
12Feb21,22413.98
15Feb21,22232.27
16Feb21,22597
17Feb21,22681.68
18Feb21,22469.8
19Feb21,22794.18
22Feb21,23180.01
23Feb21,23179.52
24Feb21,23199.68
25Feb21,22875.05
26Feb21,22530.22
01Mar21,22810.03
02Mar21,22871.62
03Mar21,22872.47
04Mar21,22536.28
05Mar21,22550.39
08Mar21,22565.44
09Mar21,22566.58
10Mar21,22702.52
11Mar21,22739.37
12Mar21,22767.39
15Mar21,22673.85
16Mar21,22339.99
17Mar21,22443.86
18Mar21,22312.08
19Mar21,22214.81
22Mar21,21967.52
23Mar21,21529.02
24Mar21,21497.13
25Mar21,21254.37
26Mar21,21410.27
29Mar21,21404.96
30Mar21,21478.65
31Mar21,21372.03
01Abr21,n.d.
02Abr21,n.d.
05Abr21,21429.88
06Abr21,21510.32
07Abr21,21334.96
08Abr21,21799.92
09Abr21,21715.75
12Abr21,21315.22
13Abr21,21436.43
14Abr21,21279.35
15Abr21,21285.3
16Abr21,21194.13
19Abr21,20483.68
20Abr21,19533.66
21Abr21,19639.55
22Abr21,19052.72
23Abr21,19042.89
26Abr21,19310.91
27Abr21,19185.2
28Abr21,19021.89
29Abr21,19319.67
30Abr21,19562.77
03May21,19601.13
04May21,19484.2
05May21,19608.83
06May21,19521.03
07May21,20178.11
10May21,20957.68
11May21,20870.22
12May21,21720.41
13May21,21515.26
14May21,21880.5
17May21,21832.78
18May21,21684.49
19May21,21204.73
20May21,21236.33
21May21,20571.66
24May21,20349.49
25May21,20237.84
26May21,20183.17
27May21,19943.18
28May21,21015.96
31May21,21041.71
01Jun21,20973.85
02Jun21,21118.65
03Jun21,21382.67
04Jun21,22218.67
07Jun21,20497.95
08Jun21,20385.72
09Jun21,19667.39
10Jun21,19987.17
11Jun21,19809.75
14Jun21,19608.94
15Jun21,19202.39
16Jun21,18964.58
17Jun21,18695.58
18Jun21,18576.17
21Jun21,18627.74
22Jun21,18724.92
23Jun21,18779.57
24Jun21,18858.68
25Jun21,18969.96
28Jun21,n.d.
29Jun21,n.d.
30Jun21,18850.91
01Jul21,18675.54
02Jul21,18788.33
05Jul21,18961.8
06Jul21,18790.07
07Jul21,18803.16
08Jul21,18637.8
09Jul21,18822.75
12Jul21,18701.91
13Jul21,18685.27
14Jul21,18548.57
15Jul21,18604.34
16Jul21,18307.36
19Jul21,18170.76
20Jul21,18426.37
21Jul21,18743
22Jul21,18759.91
23Jul21,18544.02
26Jul21,18749.48
27Jul21,18775.12
28Jul21,n.d.
29Jul21,n.d.
30Jul21,17671.77
02Ago21,17845.6
03Ago21,17624.68
04Ago21,17447.67
05Ago21,17331.24
06Ago21,17331.33
09Ago21,17205.88
10Ago21,17062.77
11Ago21,17003.45
12Ago21,16829.31
13Ago21,16771.26
16Ago21,16736.08
17Ago21,16367.96
18Ago21,15916.2
19Ago21,15529.47
20Ago21,15532.06
23Ago21,16211.15
24Ago21,17033.99
25Ago21,16991.55
26Ago21,16893.7
27Ago21,17444.24
30Ago21,n.d.
31Ago21,17653.54
01Set21,17572.35
02Set21,17508.38
03Set21,17678.74
06Set21,17712.5
07Set21,17598.36
08Set21,17410.17
09Set21,17550.8
10Set21,17715.49
13Set21,18063.66
14Set21,17895.88
15Set21,18008.78
16Set21,17885.14
17Set21,17979.65
20Set21,17747.01
21Set21,17869.14
22Set21,18099.12
23Set21,18208.28
24Set21,18308.87
27Set21,18653.27
28Set21,18515.34
29Set21,18458.64
30Set21,18279.15
01Oct21,18348.74
04Oct21,18192.05
05Oct21,18342.68
06Oct21,18356.07
07Oct21,19375.73
08Oct21,n.d.
11Oct21,19585.61
12Oct21,19731.84
13Oct21,19694.91
14Oct21,19745.25
15Oct21,20489.48
18Oct21,20559.39
19Oct21,20679.94
20Oct21,20807.55
21Oct21,20859.24
22Oct21,20960.31
25Oct21,21243.06
26Oct21,21005.81
27Oct21,20885.85
28Oct21,20959.49
29Oct21,20737.77
01Nov21,n.d.
02Nov21,20715.61
03Nov21,20528.76
04Nov21,20254.71
05Nov21,20420.1
08Nov21,20530.94
09Nov21,20488.76
10Nov21,20403.54
11Nov21,20665.69
12Nov21,20795.19
15Nov21,20687.91
16Nov21,20486.04
17Nov21,20092.85
18Nov21,20174.33
19Nov21,20125.28
22Nov21,19831.97
23Nov21,19987.2
24Nov21,20209.25
25Nov21,20251.73
26Nov21,19864.23
29Nov21,20249.28
30Nov21,20416.43
01Dic21,19884.09
02Dic21,20163.64
03Dic21,20000.39
06Dic21,20353.53
07Dic21,20520.76
08Dic21,n.d.
09Dic21,20548.98
10Dic21,20272.47
13Dic21,20294.55
14Dic21,20117.4
15Dic21,19890.55
16Dic21,20310.89
17Dic21,20342.64
20Dic21,20160.6
21Dic21,20642.65
22Dic21,20531.39
23Dic21,20765.04
24Dic21,20753.12
27Dic21,21023.14
28Dic21,20889.13
29Dic21,20857.3
30Dic21,21157.31
31Dic21,21111.73
03Ene22,21163.87
04Ene22,21560.09
05Ene22,21830.77
06Ene22,22172.87
07Ene22,22355.39
10Ene22,22352.65
11Ene22,22786.6
12Ene22,23528.92
13Ene22,23653.52
14Ene22,23486.6
17Ene22,23418.02
18Ene22,23316.33
19Ene22,23475.13
20Ene22,23327
21Ene22,22944.88
24Ene22,22783.12
25Ene22,22807.64
26Ene22,22547.75
27Ene22,22548.83
28Ene22,22649.82
31Ene22,22943.81
01Feb22,22694.51
02Feb22,22481.11
03Feb22,22209.59
04Feb22,22280.09
07Feb22,22454.99
08Feb22,23473.83
09Feb22,23779.6
10Feb22,23547.57
11Feb22,23723.92
14Feb22,23702.63
15Feb22,24228.56
16Feb22,24057.97
17Feb22,23871.17
18Feb22,23717.45
21Feb22,23748.29
22Feb22,23392.41
23Feb22,23390.74
24Feb22,23104.55
25Feb22,23781.61
28Feb22,23749.03
01Mar22,24148.33
02Mar22,24247.04
03Mar22,24452.39
04Mar22,24824.71
07Mar22,24282.84
08Mar22,24575.39
09Mar22,24754.65
10Mar22,24790.57
11Mar22,24774.89
14Mar22,24428.72
15Mar22,24301.03
16Mar22,24581.75
17Mar22,24932.67
18Mar22,25079.62
21Mar22,25380.82
22Mar22,25433.68
23Mar22,25642.58
24Mar22,25363.65
25Mar22,25567.83
28Mar22,25344.74
29Mar22,25259.02
30Mar22,25196.49
31Mar22,24915.5
01Abr22,24940.8
04Abr22,24942.79
05Abr22,24958.23
06Abr22,24606.86
07Abr22,24647.51
08Abr22,24260.24
11Abr22,24281.92
12Abr22,23957.05
13Abr22,23711.85
14Abr22,n.d.
15Abr22,n.d.
18Abr22,23552.38
19Abr22,23360.8
20Abr22,23750.72
21Abr22,23647.13
22Abr22,23337.62
25Abr22,22319.36
26Abr22,22171.42
27Abr22,22463.04
28Abr22,22607.92
29Abr22,22818.9
02May22,22386.28
03May22,22593.85
04May22,22469.02
05May22,21070.93
06May22,20898.15
09May22,20038.09
10May22,19831.27
11May22,19736.14
12May22,19211.48
13May22,19841.21
16May22,20047.3
17May22,20266.79
18May22,19833.91
19May22,20229.24
20May22,20300.29
23May22,20493.94
24May22,20416.92
25May22,20384.63
26May22,20569.08
27May22,20859.88
30May22,20983.59
31May22,20719.04
01Jun22,20703.97
02Jun22,21079.07
03Jun22,20876.94
06Jun22,20553.71
07Jun22,20620.52
08Jun22,20627.7
09Jun22,20371.64
10Jun22,20228.03
13Jun22,19837.75
14Jun22,19563.03
15Jun22,19784.71
16Jun22,19391.21
17Jun22,19382.92
20Jun22,19450.42
21Jun22,19532.13
22Jun22,19038.61
23Jun22,18500.5
24Jun22,18855.08
27Jun22,18815.01
28Jun22,18674.67
29Jun22,n.d.
30Jun22,18388.82
01Jul22,18458.98
04Jul22,18452.25
05Jul22,18292.04
06Jul22,18060.26
07Jul22,18656.09
08Jul22,18652.88
11Jul22,18504.12
12Jul22,18462.98
13Jul22,18282.9
14Jul22,17752.6
15Jul22,17833.52
18Jul22,18221.86
19Jul22,18467.71
20Jul22,18644.97
21Jul22,19040.82
22Jul22,19245.18
25Jul22,19142.22
26Jul22,19316.21
27Jul22,19293.66
28Jul22,n.d.
29Jul22,n.d.
01Ago22,19054.73
02Ago22,19366.25
03Ago22,19261.28
04Ago22,19314.42
05Ago22,19421.2
08Ago22,19901.26
09Ago22,19895.96
10Ago22,20338.85
11Ago22,20372.32
12Ago22,20311.43
15Ago22,20087.04
16Ago22,20221.08
17Ago22,19915.33
18Ago22,19854.48
19Ago22,19668.62
22Ago22,19407.94
23Ago22,19594.33
24Ago22,19573.07
25Ago22,19571.69
26Ago22,19441.92
29Ago22,19163.57
30Ago22,n.d.
31Ago22,18853.05
01Set22,18445.53
02Set22,18758.27
05Set22,18903.16
06Set22,18848.22
07Set22,19003.91
08Set22,19176.64
09Set22,19546.26
12Set22,19558.32
13Set22,19312.35
14Set22,19266.75
15Set22,19359.57
16Set22,19363.78
19Set22,19479.83
20Set22,19583.07
21Set22,19659.51
22Set22,19474.31
23Set22,18920.73
26Set22,18685.83
27Set22,18791.21
28Set22,19318.66
29Set22,19370.95
30Set22,19448.06
03Oct22,19866.28
04Oct22,20267.5
05Oct22,20268.01
06Oct22,20378.81
07Oct22,20110.63
10Oct22,19930.8
11Oct22,19829.88
12Oct22,19866.95
13Oct22,19966.11
14Oct22,19739.58
17Oct22,20077.49
18Oct22,20203.26
19Oct22,20115.57
20Oct22,20163.96
21Oct22,20480.39
24Oct22,20223.2
25Oct22,20735.49
26Oct22,21002.13
27Oct22,21047.63
28Oct22,20967.74
31Oct22,21095.21
01Nov22,n.d.
02Nov22,20866.42
03Nov22,21003.28
04Nov22,21893.14
07Nov22,22029.11
08Nov22,21960.91
09Nov22,21812.59
10Nov22,22062.23
11Nov22,22298.47
14Nov22,22381.68
15Nov22,22303.02
16Nov22,22140.25
17Nov22,21860.62
18Nov22,21896.96
21Nov22,21888.05
22Nov22,22302.48
23Nov22,22487.1
24Nov22,22512.97
25Nov22,22487.41
28Nov22,22013.03
29Nov22,22168.5
30Nov22,22455.13
01Dic22,22470.78
02Dic22,22419.4
05Dic22,22138.81
06Dic22,22050.76
07Dic22,22158.72
08Dic22,n.d.
09Dic22,n.d.
12Dic22,21641.83
13Dic22,21516.44
14Dic22,21394.1
15Dic22,21112.53
16Dic22,20989.45
19Dic22,20991.75
20Dic22,21206.63
21Dic22,21149.66
22Dic22,20986.59
23Dic22,21151.38
26Dic22,21168.78
27Dic22,21347.23
28Dic22,21302.55
29Dic22,21333.82
30Dic22,21330.33
02Ene23,n.d.
03Ene23,21484.9
04Ene23,21768.94
05Ene23,21891.62
06Ene23,22262.45
09Ene23,22545.33
10Ene23,22746.89
11Ene23,22567.84
12Ene23,23012.94
13Ene23,23236.32
16Ene23,23127.41
17Ene23,22790.51
18Ene23,22892.14
19Ene23,22973.34
20Ene23,23006.6
23Ene23,23027.65
24Ene23,23141.56
25Ene23,23096.37
26Ene23,22901.64
27Ene23,22648.38
30Ene23,22406.82
31Ene23,22416.72
01Feb23,22587.24
02Feb23,22400.11
03Feb23,22245.89
06Feb23,22254.65
07Feb23,22318.93
08Feb23,22400.07
09Feb23,22298.71
10Feb23,21695.64
13Feb23,22010.27
14Feb23,21929.3
15Feb23,21882.48
16Feb23,21969.55
17Feb23,21947.45
20Feb23,21925.12
21Feb23,21864.75
22Feb23,21704.7
23Feb23,21539.57
24Feb23,21601.7
27Feb23,21565.72
28Feb23,21576.43
01Mar23,22005.25
02Mar23,22022.05
03Mar23,22242.35
06Mar23,22129.03
07Mar23,21957.16
08Mar23,22072.05
09Mar23,21760.62
10Mar23,21604.47
13Mar23,21592.02
14Mar23,21769.69
15Mar23,21430.39
16Mar23,21376.31
17Mar23,21445.16
20Mar23,21434.58
21Mar23,21653.54
22Mar23,21649.72
23Mar23,21391.08
24Mar23,21401.03
27Mar23,21614.28
28Mar23,21782.46
29Mar23,21910.46
30Mar23,21909.53
31Mar23,21898.03
03Abr23,21998.26
04Abr23,21991.73
05Abr23,21915.78
06Abr23,n.d.
07Abr23,n.d.
10Abr23,22111.82
11Abr23,22274.24
12Abr23,22283.32
13Abr23,22456.33
14Abr23,22477.45
17Abr23,22394.93
18Abr23,22511.27
19Abr23,22501.12
20Abr23,22473.41
21Abr23,22282.13
24Abr23,22345.61
25Abr23,22138.78
26Abr23,21940.47
27Abr23,21974.66
28Abr23,21822.57
01May23,n.d.
02May23,21741.49
03May23,21748.46
04May23,21619.07
05May23,22155.37
08May23,22328.83
09May23,22289.63
10May23,21903.67
11May23,21715.12
12May23,21535.66
15May23,21625.72
16May23,21725.85
17May23,21744.45
18May23,21587.79
19May23,21633.44
22May23,21651.84
23May23,21595.53
24May23,21405.58
25May23,21242.29
26May23,21240.5
29May23,21300.13
30May23,21161.78
31May23,21178.83
01Jun23,21494.85
02Jun23,21845.24
05Jun23,21937.36
06Jun23,22050.69
07Jun23,22102.59
08Jun23,22237.14
09Jun23,22001.17
12Jun23,22012.71
13Jun23,22287.69
14Jun23,22379.73
15Jun23,22445.04
16Jun23,22584.26
19Jun23,22567.66
20Jun23,22534.86
21Jun23,22521.03
22Jun23,22423.14
23Jun23,22233.01
26Jun23,22303.25
27Jun23,22195.65
28Jun23,22140.73
29Jun23,n.d.
30Jun23,22329.75
03Jul23,22432.2
04Jul23,22410.18
05Jul23,22388.3
06Jul23,22276.12
07Jul23,22518.83
10Jul23,22767.67
11Jul23,22557.54
12Jul23,22650.81
13Jul23,22893.43
14Jul23,22757.9
17Jul23,22963.81
18Jul23,23058.87
19Jul23,23077.62
20Jul23,22984.9
21Jul23,23028.3
24Jul23,23100.77
25Jul23,23311.96
26Jul23,23381.66
27Jul23,23155.86
28Jul23,n.d.
31Jul23,23509.38
01Ago23,23679.9
02Ago23,23350.71
03Ago23,23598.46
04Ago23,23651.61
07Ago23,23806.19
