Fecha (dd/mm/aaaa),Valor IGBC,Variación absoluta,Variación porcentual
05/06/2006,"9,100.82",-21.2570,-0.2330%
06/06/2006,"9,100.82",-279.4640,-3.0700%
07/06/2006,"8,214.20",-607.1620,-6.8828%
08/06/2006,"7,435.61",-778.5870,-9.4785%
09/06/2006,"7,538.50",102.8950,1.3838%
12/06/2006,"6,749.74",-788.7650,-10.4631%
13/06/2006,"6,160.25",-589.4840,-8.7334%
14/06/2006,"6,562.29",402.0340,6.5262%
15/06/2006,"7,600.54","1,038.2550",15.8215%
16/06/2006,"7,665.76",65.2180,0.8580%
20/06/2006,"7,362.32",-303.4460,-3.9584%
21/06/2006,"7,525.69",163.3780,2.2191%
22/06/2006,"7,501.39",-24.2990,-0.3228%
23/06/2006,"7,381.93",-119.4620,-1.5925%
27/06/2006,"7,116.13",-265.8020,-3.6007%
28/06/2006,"7,070.79",-45.3340,-0.6370%
29/06/2006,"7,332.75",261.9530,3.7047%
30/06/2006,"7,661.97",329.2210,4.4897%
04/07/2006,"8,011.85",349.8780,4.5664%
05/07/2006,"7,942.24",-69.6050,-0.8687%
06/07/2006,"8,105.66",163.4140,2.0575%
07/07/2006,"8,210.47",104.8060,1.2930%
10/07/2006,"8,590.86",380.3960,4.6330%
11/07/2006,"8,468.60",-122.2630,-1.4231%
12/07/2006,"8,404.60",-64.0010,-0.7557%
13/07/2006,"8,198.43",-206.1690,-2.4530%
14/07/2006,"8,024.02",-174.4040,-2.1272%
17/07/2006,"7,812.67",-211.3500,-2.6339%
18/07/2006,"7,891.62",78.9510,1.0105%
19/07/2006,"8,345.91",454.2890,5.7566%
21/07/2006,"8,321.35",-24.5620,-0.2943%
24/07/2006,"8,492.51",171.1560,2.0568%
25/07/2006,"8,438.33",-54.1760,-0.6379%
26/07/2006,"8,620.08",181.7520,2.1538%
27/07/2006,"8,887.55",267.4670,3.1028%
28/07/2006,"8,981.96",94.4030,1.0622%
31/07/2006,"9,015.65",33.6930,0.3751%
01/08/2006,"8,924.86",-90.7880,-1.0070%
02/08/2006,"9,008.58",83.7180,0.9380%
03/08/2006,"9,179.73",171.1470,1.8998%
04/08/2006,"9,302.53",122.8070,1.3378%
08/08/2006,"9,459.58",157.0470,1.6882%
09/08/2006,"9,591.08",131.4960,1.3900%
10/08/2006,"9,489.35",-101.7290,-1.0606%
11/08/2006,"9,472.64",-16.7100,-0.1760%
14/08/2006,"9,393.33",-79.3080,-0.8372%
15/08/2006,"9,545.02",151.6930,1.6149%
16/08/2006,"9,597.21",52.1820,0.5466%
17/08/2006,"9,654.61",57.4070,0.5981%
18/08/2006,"9,726.23",71.6190,0.7418%
22/08/2006,"9,598.04",-128.1920,-1.3180%
23/08/2006,"9,556.76",-41.2770,-0.4300%
24/08/2006,"9,355.72",-201.0440,-2.1036%
25/08/2006,"9,355.72",81.6767,0.8700%
28/08/2006,"9,472.94",35.5460,0.3766%
29/08/2006,"9,487.39",14.4480,0.1525%
30/08/2006,"9,523.50",36.1130,0.3806%
31/08/2006,"9,510.26",-13.2450,-0.1390%
01/09/2006,"9,497.42",-12.8370,-0.1349%
04/09/2006,"9,463.30",-34.1250,-0.3593%
05/09/2006,"9,230.91",-232.3820,-2.4556%
06/09/2006,"9,046.77",-184.1440,-1.9948%
07/09/2006,"8,969.67",-77.1000,-0.8522%
08/09/2006,"9,052.87",83.1990,0.9275%
11/09/2006,"8,912.65",-140.2170,-1.5488%
12/09/2006,"8,770.06",-142.5860,-1.5998%
13/09/2006,"9,115.00",344.9330,3.9330%
14/09/2006,"9,210.03",95.0310,1.0425%
15/09/2006,"9,174.54",-35.4910,-0.3853%
18/09/2006,"9,144.54",-29.9990,-0.3269%
19/09/2006,"9,045.05",-99.4850,-1.0879%
20/09/2006,"9,183.77",138.7130,1.5335%
21/09/2006,"9,009.41",-174.3580,-1.8985%
22/09/2006,"8,986.36",-23.0500,-0.2558%
25/09/2006,"8,903.37",-82.9830,-0.9234%
26/09/2006,"9,107.78",204.4070,2.2958%
27/09/2006,"9,121.92",14.1400,0.1552%
28/09/2006,"9,093.77",-28.1500,-0.3086%
29/09/2006,"9,250.98",157.2100,1.7287%
02/10/2006,"9,309.73",58.7510,0.6350%
03/10/2006,"9,359.73",49.9920,0.5369%
04/10/2006,"9,369.03",9.3010,0.0993%
05/10/2006,"9,474.55",105.5210,1.1262%
06/10/2006,"9,541.14",66.5870,0.7028%
09/10/2006,"9,531.56",-9.5730,-0.1003%
10/10/2006,"9,596.40",64.8350,0.6802%
11/10/2006,"9,620.22",23.8230,0.2482%
12/10/2006,"9,569.19",-51.0320,-0.5304%
13/10/2006,"9,645.96",76.7720,0.8022%
17/10/2006,"9,645.96",-14.4884,-0.1500%
18/10/2006,"9,743.33",111.8570,1.1613%
19/10/2006,"9,806.90",63.5680,0.6524%
20/10/2006,"9,876.73",69.8330,0.7120%
23/10/2006,"9,840.78",-35.9520,-0.3640%
24/10/2006,"9,865.32",24.5380,0.2493%
25/10/2006,"9,960.66",95.3420,0.9664%
26/10/2006,"10,111.68",151.0220,1.5161%
27/10/2006,"10,300.46",188.7790,1.8669%
30/10/2006,"10,134.37",-166.0890,-1.6124%
31/10/2006,"10,284.99",150.6190,1.4862%
01/11/2006,"10,374.85",89.8510,0.8736%
02/11/2006,"10,322.08",-52.7640,-0.5085%
03/11/2006,"10,328.81",6.7330,0.0652%
07/11/2006,"10,535.20",206.3850,1.9981%
08/11/2006,"10,595.49",60.2920,0.5722%
09/11/2006,"10,594.07",-1.4200,-0.0134%
10/11/2006,"10,543.06",-51.0110,-0.4815%
14/11/2006,"10,593.43",50.3730,0.4777%
15/11/2006,"10,533.95",-59.4790,-0.5614%
16/11/2006,"10,378.12",-155.8320,-1.4793%
17/11/2006,"10,442.58",64.4520,0.6210%
20/11/2006,"10,537.17",94.5980,0.9058%
21/11/2006,"10,444.99",-92.1880,-0.8748%
22/11/2006,"10,346.62",-98.3680,-0.9417%
23/11/2006,"10,314.73",-31.8820,-0.3081%
24/11/2006,"10,247.33",-67.4050,-0.6534%
27/11/2006,"9,934.54",-312.7870,-3.0523%
28/11/2006,"10,153.53",218.9920,2.2043%
29/11/2006,"10,287.56",134.0250,1.3199%
30/11/2006,"10,252.94",-34.6200,-0.3365%
01/12/2006,"10,319.00",66.0630,0.6443%
04/12/2006,"10,466.17",147.1640,1.4261%
05/12/2006,"10,566.61",100.4450,0.9597%
06/12/2006,"10,523.36",-43.2510,-0.4093%
07/12/2006,"10,508.44",-14.9210,-0.1417%
11/12/2006,"10,512.61",4.1690,0.0396%
12/12/2006,"10,537.64",25.0320,0.2381%
13/12/2006,"10,637.30",99.6590,0.9457%
14/12/2006,"10,867.60",230.2960,2.1649%
15/12/2006,"11,053.62",186.0210,1.7117%
18/12/2006,"11,159.00",105.3790,0.9533%
19/12/2006,"11,162.74",3.7410,0.0335%
20/12/2006,"11,096.04",-66.7000,-0.5975%
21/12/2006,"11,146.89",50.8520,0.4582%
22/12/2006,"11,221.44",74.5470,0.6687%
26/12/2006,"11,029.97",-191.4730,-1.7063%
27/12/2006,"11,108.94",78.9690,0.7159%
28/12/2006,"11,161.14",52.2040,0.4699%
02/01/2007,"10,979.87",-181.2700,-1.6241%
03/01/2007,"11,041.81",61.9440,0.5641%
04/01/2007,"11,015.92",-25.8940,-0.2345%
05/01/2007,"10,722.11",-293.8050,-2.6670%
09/01/2007,"10,203.40",-518.7170,-4.8378%
10/01/2007,"10,560.05",356.6510,3.4954%
11/01/2007,"10,739.54",179.4940,1.6997%
12/01/2007,"10,783.22",43.6810,0.4067%
15/01/2007,"10,884.07",100.8490,0.9352%
16/01/2007,"10,823.39",-60.6840,-0.5575%
17/01/2007,"10,853.44",30.0520,0.2776%
18/01/2007,"10,842.47",-10.9730,-0.1011%
19/01/2007,"10,794.44",-48.0250,-0.4429%
22/01/2007,"10,585.25",-209.1930,-1.9379%
23/01/2007,"10,716.07",130.8200,1.2358%
24/01/2007,"10,741.18",25.1099,0.2343%
25/01/2007,"10,642.23",-98.9520,-0.9212%
26/01/2007,"10,671.40",29.1698,0.2741%
29/01/2007,"10,569.67",-101.7232,-0.9532%
30/01/2007,"10,657.18",87.5040,0.8278%
31/01/2007,"10,796.03",138.8490,1.3028%
01/02/2007,"10,912.14",116.1070,1.0754%
02/02/2007,"10,937.49",25.3500,0.2323%
05/02/2007,"10,942.88",5.3920,0.0493%
06/02/2007,"10,905.38",-37.4960,-0.3426%
07/02/2007,"10,911.37",5.9820,0.0548%
08/02/2007,"10,876.49",-34.8790,-0.3196%
09/02/2007,"10,894.29",17.8030,0.1636%
12/02/2007,"10,766.71",-127.5838,-1.1711%
13/02/2007,"10,806.76",40.0548,0.3720%
14/02/2007,"10,896.37",89.6122,0.8292%
15/02/2007,"10,907.71",11.3385,0.1041%
16/02/2007,"10,855.39",-52.3248,-0.4797%
19/02/2007,"10,811.49",-43.8993,-0.4044%
20/02/2007,"10,791.41",-20.0735,-0.1857%
21/02/2007,"10,666.05",-125.3648,-1.1617%
22/02/2007,"10,655.84",-10.2060,-0.0957%
23/02/2007,"10,545.87",-109.9722,-1.0320%
26/02/2007,"10,371.01",-174.8654,-1.6581%
27/02/2007,"9,901.12",-469.8898,-4.5308%
28/02/2007,"10,113.12",212.0009,2.1412%
01/03/2007,"10,146.33",33.2179,0.3285%
02/03/2007,"10,193.01",46.6710,0.4600%
05/03/2007,"10,052.01",-140.9965,-1.3833%
06/03/2007,"10,125.86",73.8512,0.7347%
07/03/2007,"10,185.26",59.3957,0.5866%
08/03/2007,"10,399.45",214.1988,2.1030%
09/03/2007,"10,423.72",24.2639,0.2333%
12/03/2007,"10,418.01",-5.7090,-0.0548%
13/03/2007,"10,307.31",-110.6960,-1.0625%
14/03/2007,"10,199.02",-108.2904,-1.0506%
15/03/2007,"10,279.36",80.3407,0.7877%
16/03/2007,"10,397.42",118.0535,1.1485%
20/03/2007,"10,734.25",336.8323,3.2396%
21/03/2007,"10,921.54",187.2947,1.7448%
22/03/2007,"10,756.33",-165.2110,-1.5127%
23/03/2007,"10,893.94",137.6050,1.2793%
26/03/2007,"10,894.70",0.7649,0.0070%
27/03/2007,"11,042.83",148.1250,1.3596%
28/03/2007,"10,917.24",-125.5852,-1.1373%
29/03/2007,"10,800.94",-116.3042,-1.0653%
30/03/2007,"10,686.39",-114.5519,-1.0606%
02/04/2007,"10,548.17",-138.2148,-1.2934%
03/04/2007,"10,728.04",179.8649,1.7052%
04/04/2007,"10,900.20",172.1594,1.6048%
09/04/2007,"10,917.26",17.0641,0.1565%
10/04/2007,"10,829.25",-88.0061,-0.8061%
11/04/2007,"10,774.11",-55.1410,-0.5092%
12/04/2007,"10,827.72",53.6021,0.4975%
13/04/2007,"10,890.48",62.7617,0.5796%
16/04/2007,"10,839.22",-51.2531,-0.4706%
17/04/2007,"10,729.76",-109.4607,-1.0099%
18/04/2007,"10,747.51",17.7481,0.1654%
19/04/2007,"10,746.36",-1.1544,-0.0107%
20/04/2007,"10,832.85",86.4926,0.8049%
23/04/2007,"10,900.69",67.8411,0.6263%
24/04/2007,"10,781.02",-119.6730,-1.0978%
25/04/2007,"10,823.03",42.0116,0.3897%
26/04/2007,"10,862.27",39.2365,0.3625%
27/04/2007,"10,893.92",31.6543,0.2914%
30/04/2007,"10,807.68",-86.2402,-0.7916%
02/05/2007,"10,548.10",-259.5844,-2.4019%
03/05/2007,"10,545.85",-2.2497,-0.0213%
04/05/2007,"10,558.25",12.4077,0.1177%
07/05/2007,"10,224.98",-333.2762,-3.1565%
08/05/2007,"10,444.11",219.1359,2.1431%
09/05/2007,"10,485.89",41.7789,0.4000%
10/05/2007,"10,556.86",70.9675,0.6768%
11/05/2007,"10,638.63",81.7681,0.7745%
14/05/2007,"10,541.57",-97.0565,-0.9123%
15/05/2007,"10,492.63",-48.9414,-0.4643%
16/05/2007,"10,389.90",-102.7294,-0.9791%
17/05/2007,"10,366.59",-23.3075,-0.2243%
18/05/2007,"10,596.52",229.9273,2.2180%
22/05/2007,"10,427.88",-168.6363,-1.5914%
23/05/2007,"10,595.60",167.7184,1.6084%
24/05/2007,"10,211.20",-384.4048,-3.6280%
25/05/2007,"10,200.80",-10.3961,-0.1018%
28/05/2007,"10,153.26",-47.5384,-0.4660%
29/05/2007,"10,139.11",-14.1575,-0.1394%
30/05/2007,"10,011.02",-128.0902,-1.2633%
31/05/2007,"10,184.36",173.3438,1.7315%
01/06/2007,"10,272.06",87.7023,0.8611%
04/06/2007,"10,364.89",92.8262,0.9037%
05/06/2007,"10,257.34",-107.5484,-1.0376%
06/06/2007,"10,178.21",-79.1304,-0.7715%
07/06/2007,"10,138.11",-40.0945,-0.3939%
08/06/2007,"10,160.10",21.9885,0.2169%
12/06/2007,"10,255.88",95.7815,0.9427%
13/06/2007,"10,448.59",192.7090,1.8790%
14/06/2007,"10,484.09",35.4969,0.3397%
15/06/2007,"10,565.66",81.5737,0.7781%
19/06/2007,"10,697.32",131.6524,1.2460%
20/06/2007,"10,586.37",-110.9495,-1.0372%
21/06/2007,"10,698.92",112.5491,1.0632%
22/06/2007,"10,592.53",-106.3891,-0.9944%
25/06/2007,"10,604.46",11.9348,0.1127%
26/06/2007,"10,652.36",47.8992,0.4517%
27/06/2007,"10,713.53",61.1655,0.5742%
28/06/2007,"10,729.93",16.4083,0.1532%
29/06/2007,"10,637.66",-92.2733,-0.8600%
03/07/2007,"10,609.48",-28.1780,-0.2649%
04/07/2007,"10,651.76",42.2764,0.3985%
05/07/2007,"10,676.84",25.0761,0.2354%
06/07/2007,"10,746.59",69.7518,0.6533%
09/07/2007,"10,780.21",33.6204,0.3128%
10/07/2007,"10,711.71",-68.4997,-0.6354%
11/07/2007,"10,805.22",93.5157,0.8730%
12/07/2007,"11,020.71",215.4848,1.9943%
13/07/2007,"10,945.39",-75.3231,-0.6835%
16/07/2007,"11,070.61",125.2223,1.1441%
17/07/2007,"11,181.94",111.3305,1.0056%
18/07/2007,"11,219.58",37.6450,0.3367%
19/07/2007,"11,241.41",21.8312,0.1946%
23/07/2007,"11,196.63",-44.7866,-0.3984%
24/07/2007,"11,285.20",88.5711,0.7911%
25/07/2007,"11,205.83",-79.3671,-0.7033%
26/07/2007,"11,060.74",-145.0875,-1.2947%
27/07/2007,"11,075.18",14.4318,0.1305%
30/07/2007,"11,020.36",-54.8199,-0.4950%
31/07/2007,"11,107.54",87.1863,0.7911%
01/08/2007,"10,953.44",-154.1064,-1.3874%
02/08/2007,"10,978.97",25.5383,0.2332%
03/08/2007,"10,967.98",-10.9933,-0.1001%
06/08/2007,"10,904.09",-63.8905,-0.5825%
08/08/2007,"11,029.68",125.5869,1.1517%
09/08/2007,"10,838.05",-191.6327,-1.7374%
10/08/2007,"10,742.15",-95.8939,-0.8848%
13/08/2007,"10,699.09",-43.0647,-0.4009%
14/08/2007,"10,494.20",-204.8819,-1.9149%
15/08/2007,"10,474.83",-19.3709,-0.1846%
16/08/2007,"9,959.96",-514.8718,-4.9153%
17/08/2007,"10,230.87",270.9116,2.7200%
21/08/2007,"10,224.35",-6.5271,-0.0638%
22/08/2007,"10,408.00",183.6552,1.7963%
23/08/2007,"10,467.41",59.4046,0.5708%
24/08/2007,"10,732.49",265.0835,2.5325%
27/08/2007,"10,681.75",-50.7355,-0.4727%
28/08/2007,"10,503.08",-178.6754,-1.6727%
29/08/2007,"10,527.84",24.7610,0.2357%
30/08/2007,"10,690.16",162.3231,1.5418%
31/08/2007,"10,728.74",38.5801,0.3609%
03/09/2007,"10,750.79",22.0502,0.2055%
04/09/2007,"10,880.85",130.0550,1.2097%
05/09/2007,"10,819.91",-60.9364,-0.5600%
06/09/2007,"10,844.40",24.4912,0.2264%
07/09/2007,"10,731.63",-112.7706,-1.0399%
10/09/2007,"10,628.68",-102.9556,-0.9594%
11/09/2007,"10,618.77",-9.9108,-0.0932%
12/09/2007,"10,647.66",28.8936,0.2721%
13/09/2007,"10,596.76",-50.8980,-0.4780%
14/09/2007,"10,429.68",-167.0828,-1.5767%
17/09/2007,"10,361.23",-68.4511,-0.6563%
18/09/2007,"10,404.83",43.6039,0.4208%
19/09/2007,"10,473.41",68.5829,0.6591%
20/09/2007,"10,473.44",0.0285,0.0003%
21/09/2007,"10,473.77",0.3236,0.0031%
24/09/2007,"10,291.17",-182.5920,-1.7433%
25/09/2007,"10,399.99",108.8186,1.0574%
26/09/2007,"10,419.95",19.9614,0.1919%
27/09/2007,"10,419.95",26.8703,0.2600%
28/09/2007,"10,434.43",-12.3984,-0.1187%
01/10/2007,"10,506.09",71.6593,0.6868%
02/10/2007,"10,578.58",72.4908,0.6900%
03/10/2007,"10,561.88",-16.6962,-0.1578%
04/10/2007,"10,573.47",11.5918,0.1098%
05/10/2007,"10,682.59",109.1190,1.0320%
08/10/2007,"10,693.91",11.3157,0.1059%
09/10/2007,"10,594.22",-99.6843,-0.9322%
10/10/2007,"10,541.69",-52.5299,-0.4958%
11/10/2007,"10,632.20",90.5070,0.8586%
12/10/2007,"10,557.28",-74.9212,-0.7047%
16/10/2007,"10,388.63",-168.6440,-1.5974%
17/10/2007,"10,166.27",-222.3674,-2.1405%
18/10/2007,"10,277.34",111.0749,1.0926%
19/10/2007,"10,205.73",-71.6139,-0.6968%
22/10/2007,"10,168.41",-37.3151,-0.3656%
23/10/2007,"10,284.14",115.7262,1.1381%
24/10/2007,"10,226.79",-57.3459,-0.5576%
25/10/2007,"10,328.53",101.7390,0.9948%
26/10/2007,"10,515.82",187.2877,1.8133%
29/10/2007,"10,630.61",114.7893,1.0916%
30/10/2007,"10,642.01",11.4055,0.1073%
31/10/2007,"10,630.34",-11.6765,-0.1097%
01/11/2007,"10,638.44",8.1012,0.0762%
02/11/2007,"10,677.10",38.6635,0.3634%
06/11/2007,"10,814.72",137.6155,1.2889%
07/11/2007,"10,886.55",71.8295,0.6642%
08/11/2007,"10,783.63",-102.9173,-0.9454%
09/11/2007,"10,774.58",-9.0509,-0.0839%
13/11/2007,"10,696.28",-78.3046,-0.7268%
14/11/2007,"10,959.65",263.3768,2.4623%
15/11/2007,"11,039.92",80.2714,0.7324%
16/11/2007,"11,089.71",49.7844,0.4509%
19/11/2007,"11,073.54",-16.1680,-0.1458%
20/11/2007,"11,227.57",154.0321,1.3910%
21/11/2007,"11,157.23",-70.3416,-0.6265%
22/11/2007,"11,306.16",148.9325,1.3349%
23/11/2007,"11,438.88",132.7144,1.1738%
26/11/2007,"11,273.98",-164.9018,-1.4416%
27/11/2007,"11,211.77",-62.2030,-0.5517%
28/11/2007,"11,212.21",0.4424,0.0039%
29/11/2007,"11,097.33",-114.8807,-1.0246%
30/11/2007,"11,115.78",18.4477,0.1662%
03/12/2007,"11,131.43",15.6508,0.1408%
04/12/2007,"10,954.22",-177.2175,-1.5920%
05/12/2007,"11,002.69",48.4791,0.4426%
06/12/2007,"10,917.98",-84.7095,-0.7699%
07/12/2007,"10,793.34",-124.6473,-1.1417%
10/12/2007,"10,719.25",-74.0916,-0.6865%
11/12/2007,"10,910.75",191.4997,1.7865%
12/12/2007,"10,829.82",-80.9225,-0.7417%
13/12/2007,"10,797.90",-31.9249,-0.2948%
14/12/2007,"10,838.25",40.3534,0.3737%
17/12/2007,"10,694.32",-143.9265,-1.3279%
18/12/2007,"10,411.71",-282.6115,-2.6426%
19/12/2007,"10,508.04",96.3301,0.9252%
20/12/2007,"10,624.76",116.7214,1.1108%
21/12/2007,"10,691.06",66.2954,0.6240%
24/12/2007,"10,767.05",75.9939,0.7108%
26/12/2007,"10,683.24",-83.8098,-0.7784%
27/12/2007,"10,681.34",-1.9034,-0.0178%
28/12/2007,"10,694.18",12.8406,0.1202%
02/01/2008,"10,648.54",-45.6422,-0.4268%
03/01/2008,"10,672.36",23.8164,0.2237%
04/01/2008,"10,659.56",-12.7960,-0.1199%
08/01/2008,"10,428.49",-231.0704,-2.1677%
09/01/2008,"10,360.82",-67.6669,-0.6489%
10/01/2008,"10,369.59",8.7630,0.0846%
11/01/2008,"10,259.80",-109.7879,-1.0587%
14/01/2008,"10,032.79",-227.0030,-2.2125%
15/01/2008,"9,804.02",-228.7757,-2.2803%
16/01/2008,"9,586.46",-217.5566,-2.2191%
17/01/2008,"9,227.70",-358.7617,-3.7424%
18/01/2008,"8,934.90",-292.7975,-3.1730%
21/01/2008,"8,251.23",-683.6755,-7.6517%
22/01/2008,"8,678.72",427.4971,5.1810%
23/01/2008,"8,753.72",74.9968,0.8641%
24/01/2008,"9,185.47",431.7454,4.9321%
25/01/2008,"9,282.82",97.3517,1.0598%
28/01/2008,"9,091.69",-191.1234,-2.0589%
29/01/2008,"9,221.66",129.9608,1.4294%
30/01/2008,"9,119.23",-102.4218,-1.1107%
31/01/2008,"9,107.38",-11.8575,-0.1300%
01/02/2008,"9,179.56",72.1811,0.7926%
04/02/2008,"9,305.92",126.3619,1.3766%
05/02/2008,"9,117.90",-188.0199,-2.0204%
06/02/2008,"8,875.89",-242.0095,-2.6542%
07/02/2008,"8,812.65",-63.2400,-0.7125%
08/02/2008,"9,050.07",237.4216,2.6941%
11/02/2008,"9,233.31",183.2353,2.0247%
12/02/2008,"9,149.18",-84.1239,-0.9111%
13/02/2008,"9,166.48",17.2961,0.1890%
14/02/2008,"9,303.36",136.8781,1.4932%
15/02/2008,"9,309.22",5.8588,0.0630%
18/02/2008,"9,469.09",159.8698,1.7173%
19/02/2008,"9,467.51",-1.5727,-0.0166%
20/02/2008,"9,448.34",-19.1709,-0.2025%
21/02/2008,"9,479.13",30.7865,0.3258%
22/02/2008,"9,469.77",-9.3563,-0.0987%
25/02/2008,"9,454.44",-15.3278,-0.1619%
26/02/2008,"9,454.65",0.2014,0.0021%
27/02/2008,"9,400.91",-53.7396,-0.5684%
28/02/2008,"9,341.67",-59.2401,-0.6302%
29/02/2008,"9,191.93",-149.7343,-1.6029%
03/03/2008,"8,969.43",-222.5066,-2.4207%
04/03/2008,"8,561.11",-408.3143,-4.5523%
05/03/2008,"9,005.93",444.8216,5.1958%
06/03/2008,"8,917.61",-88.3183,-0.9807%
07/03/2008,"9,153.23",235.6135,2.6421%
10/03/2008,"9,164.75",11.5174,0.1258%
11/03/2008,"9,176.69",11.9474,0.1304%
12/03/2008,"9,212.43",35.7419,0.3895%
13/03/2008,"9,226.06",13.6208,0.1479%
14/03/2008,"9,112.96",-113.0961,-1.2258%
17/03/2008,"9,001.79",-111.1735,-1.2199%
18/03/2008,"9,109.67",107.8860,1.1985%
19/03/2008,"9,121.88",12.2130,0.1341%
25/03/2008,"9,073.67",-48.2148,-0.5286%
26/03/2008,"9,001.61",-72.0633,-0.7942%
27/03/2008,"8,951.46",-50.1427,-0.5570%
28/03/2008,"8,957.74",6.2771,0.0701%
31/03/2008,"8,973.88",16.1408,0.1802%
01/04/2008,"9,199.73",225.8459,2.5167%
02/04/2008,"9,233.61",33.8859,0.3683%
03/04/2008,"9,303.05",69.4315,0.7519%
04/04/2008,"9,359.56",56.5161,0.6075%
07/04/2008,"9,412.30",52.7402,0.5635%
08/04/2008,"9,406.15",-6.1515,-0.0654%
09/04/2008,"9,460.35",54.2003,0.5762%
10/04/2008,"9,305.76",-154.5858,-1.6340%
11/04/2008,"9,305.76",-88.3749,-0.9500%
14/04/2008,"9,240.40",23.0120,0.2496%
15/04/2008,"9,369.31",128.9091,1.3951%
16/04/2008,"9,442.80",73.4909,0.7844%
17/04/2008,"9,467.15",24.3446,0.2578%
18/04/2008,"9,656.63",189.4819,2.0015%
21/04/2008,"9,677.48",20.8550,0.2160%
22/04/2008,"9,647.08",-30.4045,-0.3142%
23/04/2008,"9,567.16",-79.9148,-0.8284%
24/04/2008,"9,633.02",65.8563,0.6884%
25/04/2008,"9,677.52",44.5028,0.4620%
28/04/2008,"9,732.03",54.5024,0.5632%
29/04/2008,"9,778.07",46.0435,0.4731%
30/04/2008,"9,935.25",157.1827,1.6075%
02/05/2008,"10,178.36",243.1074,2.4469%
06/05/2008,"10,297.14",118.7758,1.1669%
07/05/2008,"10,107.46",-189.6715,-1.8420%
08/05/2008,"10,004.82",-102.6428,-1.0155%
09/05/2008,"10,049.40",44.5816,0.4456%
12/05/2008,"10,097.97",48.5701,0.4833%
13/05/2008,"10,131.73",33.7541,0.3343%
14/05/2008,"10,210.92",79.1901,0.7816%
15/05/2008,"10,165.81",-45.1109,-0.4418%
16/05/2008,"10,080.20",-85.6100,-0.8421%
19/05/2008,"10,079.04",-1.1542,-0.0115%
20/05/2008,"9,987.86",-91.1833,-0.9047%
21/05/2008,"10,011.93",24.0683,0.2410%
22/05/2008,"9,962.54",-49.3913,-0.4933%
23/05/2008,"9,894.01",-68.5205,-0.6878%
27/05/2008,"9,823.33",-70.6815,-0.7144%
28/05/2008,"9,854.80",31.4709,0.3204%
29/05/2008,"9,952.11",97.3025,0.9874%
30/05/2008,"10,042.54",90.4381,0.9087%
03/06/2008,"9,918.21",-124.3302,-1.2380%
04/06/2008,"10,005.52",87.3012,0.8802%
05/06/2008,"9,998.23",-7.2900,-0.0729%
06/06/2008,"9,991.60",-6.6208,-0.0662%
09/06/2008,"9,865.44",-126.1693,-1.2628%
10/06/2008,"9,728.83",-136.6091,-1.3847%
11/06/2008,"9,711.95",-16.8744,-0.1734%
12/06/2008,"9,710.95",-0.9998,-0.0103%
13/06/2008,"9,711.15",0.2014,0.0021%
16/06/2008,"9,697.53",-13.6278,-0.1403%
17/06/2008,"9,589.20",-108.3238,-1.1170%
18/06/2008,"9,475.40",-113.8030,-1.1868%
19/06/2008,"9,159.79",-315.6112,-3.3308%
20/06/2008,"9,308.48",148.6889,1.6233%
23/06/2008,"9,306.59",-1.8909,-0.0203%
24/06/2008,"9,287.92",-18.6660,-0.2006%
25/06/2008,"9,293.28",5.3638,0.0578%
26/06/2008,"9,158.32",-134.9601,-1.4522%
27/06/2008,"9,179.04",20.7189,0.2262%
01/07/2008,"9,006.78",-172.2637,-1.8767%
02/07/2008,"9,001.16",-5.6234,-0.0624%
03/07/2008,"9,172.75",171.5936,1.9064%
04/07/2008,"9,227.68",54.9335,0.5989%
07/07/2008,"9,135.33",-92.3565,-1.0009%
08/07/2008,"9,000.56",-134.7631,-1.4752%
09/07/2008,"9,071.61",71.0478,0.7894%
10/07/2008,"9,039.28",-32.3277,-0.3564%
11/07/2008,"8,910.47",-128.8178,-1.4251%
14/07/2008,"8,866.37",-44.0972,-0.4949%
15/07/2008,"8,734.08",-132.2907,-1.4921%
16/07/2008,"8,719.38",-14.6991,-0.1683%
17/07/2008,"8,790.25",70.8700,0.8128%
18/07/2008,"8,798.44",8.1914,0.0932%
21/07/2008,"8,836.05",37.6132,0.4275%
22/07/2008,"8,761.32",-74.7310,-0.8458%
23/07/2008,"8,801.62",40.2959,0.4599%
24/07/2008,"8,832.72",31.1027,0.3534%
25/07/2008,"8,897.41",64.6936,0.7324%
28/07/2008,"8,797.82",-99.5982,-1.1194%
29/07/2008,"8,798.24",0.4223,0.0048%
30/07/2008,"8,938.93",140.6926,1.5991%
31/07/2008,"9,061.21",122.2756,1.3679%
01/08/2008,"9,085.99",24.7859,0.2735%
04/08/2008,"8,948.10",-137.8956,-1.5177%
05/08/2008,"8,956.36",8.2621,0.0923%
06/08/2008,"8,888.92",-67.4404,-0.7530%
08/08/2008,"8,931.69",42.7760,0.4812%
11/08/2008,"8,897.74",-33.9560,-0.3802%
12/08/2008,"8,833.36",-64.3744,-0.7235%
13/08/2008,"8,925.97",92.6095,1.0484%
14/08/2008,"8,863.15",-62.8212,-0.7038%
15/08/2008,"8,939.39",76.2351,0.8601%
19/08/2008,"8,913.36",-26.0299,-0.2912%
20/08/2008,"8,973.04",59.6835,0.6696%
21/08/2008,"9,041.72",68.6783,0.7654%
22/08/2008,"9,036.92",-4.8008,-0.0531%
25/08/2008,"8,999.58",-37.3341,-0.4131%
26/08/2008,"8,993.45",-6.1309,-0.0681%
27/08/2008,"9,052.25",58.7989,0.6538%
28/08/2008,"9,238.50",186.2432,2.0574%
29/08/2008,"9,375.01",136.5187,1.4777%
01/09/2008,"9,709.19",334.1776,3.5646%
02/09/2008,"9,649.04",-60.1530,-0.6195%
03/09/2008,"9,621.19",-27.8457,-0.2886%
04/09/2008,"9,518.43",-102.7612,-1.0681%
05/09/2008,"9,440.32",-78.1140,-0.8207%
08/09/2008,"9,555.61",115.2934,1.2213%
09/09/2008,"9,558.97",3.3598,0.0352%
10/09/2008,"9,598.16",39.1887,0.4100%
11/09/2008,"9,733.89",135.7269,1.4141%
12/09/2008,"9,749.43",15.5436,0.1597%
15/09/2008,"9,556.03",-193.4016,-1.9837%
16/09/2008,"9,194.87",-361.1597,-3.7794%
17/09/2008,"9,009.54",-185.3346,-2.0156%
18/09/2008,"9,012.04",2.5069,0.0278%
19/09/2008,"9,331.77",319.7314,3.5478%
22/09/2008,"9,337.97",6.1986,0.0664%
23/09/2008,"9,171.15",-166.8175,-1.7864%
24/09/2008,"9,300.10",128.9452,1.4060%
25/09/2008,"9,425.38",125.2849,1.3471%
26/09/2008,"9,361.53",-63.8557,-0.6775%
29/09/2008,"9,139.75",-221.7765,-2.3690%
30/09/2008,"9,248.46",108.7100,1.1894%
01/10/2008,"9,296.89",48.4234,0.5236%
02/10/2008,"9,213.06",-83.8274,-0.9017%
03/10/2008,"9,209.44",-3.6229,-0.0393%
06/10/2008,"8,761.49",-447.9489,-4.8640%
07/10/2008,"8,691.03",-70.4609,-0.8042%
08/10/2008,"8,410.52",-280.5091,-3.2276%
09/10/2008,"8,216.27",-194.2430,-2.3095%
10/10/2008,"7,502.73",-713.5449,-8.6845%
14/10/2008,"8,192.50",689.7665,9.1935%
15/10/2008,"7,666.79",-525.7080,-6.4169%
16/10/2008,"7,395.15",-271.6325,-3.5430%
17/10/2008,"7,596.25",201.0929,2.7193%
20/10/2008,"7,689.12",92.8753,1.2226%
21/10/2008,"7,658.38",-30.7455,-0.3999%
22/10/2008,"7,284.82",-373.5576,-4.8778%
23/10/2008,"7,067.92",-216.9002,-2.9774%
24/10/2008,"6,671.42",-396.5045,-5.6099%
27/10/2008,"6,460.85",-210.5691,-3.1563%
28/10/2008,"6,657.46",196.6169,3.0432%
29/10/2008,"6,958.72",301.2522,4.5250%
30/10/2008,"7,178.86",220.1446,3.1636%
31/10/2008,"7,226.03",47.1717,0.6571%
04/11/2008,"7,419.09",193.0604,2.6717%
05/11/2008,"7,183.26",-235.8341,-3.1787%
06/11/2008,"6,873.63",-309.6294,-4.3104%
07/11/2008,"7,152.52",278.8927,4.0574%
10/11/2008,"7,124.16",-28.3601,-0.3965%
11/11/2008,"7,071.90",-52.2636,-0.7336%
12/11/2008,"6,998.33",-73.5702,-1.0403%
13/11/2008,"6,956.73",-41.5966,-0.5944%
14/11/2008,"7,180.01",223.2842,3.2096%
18/11/2008,"7,029.74",-150.2794,-2.0930%
19/11/2008,"7,010.52",-19.2195,-0.2734%
20/11/2008,"6,904.50",-106.0139,-1.5122%
21/11/2008,"6,812.05",-92.4560,-1.3391%
24/11/2008,"7,030.35",218.3066,3.2047%
25/11/2008,"7,085.45",55.0938,0.7837%
26/11/2008,"7,230.03",144.5790,2.0405%
27/11/2008,"7,371.32",141.2992,1.9543%
28/11/2008,"7,314.81",-56.5112,-0.7666%
01/12/2008,"7,174.39",-140.4194,-1.9197%
02/12/2008,"7,232.30",57.9043,0.8071%
03/12/2008,"7,381.10",148.8024,2.0575%
04/12/2008,"7,423.18",42.0762,0.5701%
05/12/2008,"7,349.61",-73.5629,-0.9910%
09/12/2008,"7,527.91",178.3001,2.4260%
10/12/2008,"7,679.07",151.1552,2.0079%
11/12/2008,"7,774.08",95.0096,1.2373%
12/12/2008,"7,732.45",-41.6282,-0.5355%
15/12/2008,"7,813.44",80.9910,1.0474%
16/12/2008,"7,803.29",-10.1490,-0.1299%
17/12/2008,"7,738.88",-64.4093,-0.8254%
18/12/2008,"7,596.73",-142.1586,-1.8369%
19/12/2008,"7,586.68",-10.0481,-0.1323%
22/12/2008,"7,624.83",38.1571,0.5029%
23/12/2008,"7,583.01",-41.8241,-0.5485%
24/12/2008,"7,537.20",-45.8152,-0.6042%
26/12/2008,"7,561.25",24.0564,0.3192%
29/12/2008,"7,522.52",-38.7329,-0.5123%
30/12/2008,"7,560.68",38.1619,0.5073%
02/01/2009,"7,623.23",62.5448,0.8272%
05/01/2009,"7,672.85",49.6292,0.6510%
06/01/2009,"7,855.65",182.7982,2.3824%
07/01/2009,"7,719.71",-135.9386,-1.7305%
08/01/2009,"7,720.39",0.6771,0.0088%
09/01/2009,"7,765.53",45.1354,0.5846%
13/01/2009,"7,747.67",-17.8611,-0.2300%
14/01/2009,"7,610.75",-136.9142,-1.7672%
15/01/2009,"7,516.15",-94.6031,-1.2430%
16/01/2009,"7,526.31",10.1643,0.1352%
19/01/2009,"7,576.64",50.3261,0.6687%
20/01/2009,"7,502.65",-73.9920,-0.9766%
21/01/2009,"7,468.32",-34.3314,-0.4576%
22/01/2009,"7,455.57",-12.7459,-0.1707%
23/01/2009,"7,488.92",33.3476,0.4473%
26/01/2009,"7,575.75",86.8310,1.1595%
27/01/2009,"7,608.91",33.1634,0.4378%
28/01/2009,"7,703.32",94.4047,1.2407%
29/01/2009,"7,697.77",-5.5419,-0.0719%
30/01/2009,"7,788.30",90.5228,1.1760%
02/02/2009,"7,727.84",-60.4601,-0.7763%
03/02/2009,"7,779.37",51.5363,0.6669%
04/02/2009,"7,869.15",89.7733,1.1540%
05/02/2009,"7,926.65",57.5013,0.7307%
06/02/2009,"8,055.79",129.1415,1.6292%
09/02/2009,"8,077.98",22.1908,0.2755%
10/02/2009,"8,053.62",-24.3600,-0.3016%
11/02/2009,"8,022.16",-31.4600,-0.3906%
12/02/2009,"7,957.55",-64.6100,-0.8054%
13/02/2009,"8,054.04",96.4900,1.2126%
16/02/2009,"8,009.12",-44.9200,-0.5577%
17/02/2009,"7,846.91",-162.2100,-2.0253%
18/02/2009,"7,752.99",-93.9200,-1.1969%
19/02/2009,"7,745.62",-7.3700,-0.0951%
20/02/2009,"7,614.41",-131.2100,-1.6940%
23/02/2009,"7,580.73",-33.6800,-0.4423%
24/02/2009,"7,515.07",-65.6600,-0.8661%
25/02/2009,"7,619.63",104.5600,1.3913%
26/02/2009,"7,749.62",129.9900,1.7060%
27/02/2009,"7,807.86",58.2400,0.7515%
02/03/2009,"7,610.56",-197.3000,-2.5269%
03/03/2009,"7,651.05",40.4900,0.5320%
04/03/2009,"7,764.58",113.5300,1.4838%
05/03/2009,"7,646.51",-118.0700,-1.5206%
06/03/2009,"7,695.84",49.3300,0.6451%
09/03/2009,"7,666.12",-29.7200,-0.3862%
10/03/2009,"7,775.43",109.3100,1.4259%
11/03/2009,"7,735.41",-40.0200,-0.5147%
12/03/2009,"7,799.17",63.7600,0.8243%
13/03/2009,"7,857.44",58.2700,0.7471%
16/03/2009,"7,914.38",56.9400,0.7247%
17/03/2009,"7,866.20",-48.1800,-0.6088%
18/03/2009,"7,894.37",28.1700,0.3581%
19/03/2009,"7,979.56",85.1900,1.0791%
20/03/2009,"7,969.89",-9.6700,-0.1212%
24/03/2009,"8,039.13",69.2400,0.8688%
25/03/2009,"8,031.19",-7.9400,-0.0988%
26/03/2009,"7,994.19",-37.0000,-0.4607%
27/03/2009,"8,011.87",17.6800,0.2212%
30/03/2009,"7,928.02",-83.8500,-1.0466%
31/03/2009,"8,022.97",94.9500,1.1977%
01/04/2009,"8,044.33",21.3600,0.2662%
02/04/2009,"8,170.68",126.3500,1.5707%
03/04/2009,"8,144.63",-26.0500,-0.3188%
06/04/2009,"8,152.71",8.0800,0.0992%
07/04/2009,"8,170.40",17.6900,0.2170%
08/04/2009,"8,158.41",-11.9900,-0.1467%
13/04/2009,"8,047.94",-110.4700,-1.3541%
14/04/2009,"8,112.09",64.1500,0.7971%
15/04/2009,"8,131.49",19.4000,0.2391%
16/04/2009,"8,135.32",3.8300,0.0471%
17/04/2009,"8,096.48",-38.8400,-0.4774%
20/04/2009,"8,041.74",-54.7400,-0.6761%
21/04/2009,"8,046.62",4.8800,0.0607%
22/04/2009,"8,045.23",-1.3900,-0.0173%
23/04/2009,"8,092.67",47.4400,0.5897%
24/04/2009,"8,279.96",187.2900,2.3143%
27/04/2009,"8,233.23",-46.7300,-0.5644%
28/04/2009,"8,240.07",6.8400,0.0831%
29/04/2009,"8,362.53",122.4600,1.4862%
30/04/2009,"8,331.80",-30.7300,-0.3675%
04/05/2009,"8,468.43",136.6300,1.6399%
05/05/2009,"8,473.70",5.2700,0.0622%
06/05/2009,"8,574.18",100.4800,1.1858%
07/05/2009,"8,737.39",163.2100,1.9035%
08/05/2009,"9,091.33",353.9400,4.0509%
11/05/2009,"8,962.33",-129.0000,-1.4189%
12/05/2009,"9,030.93",68.6000,0.7654%
13/05/2009,"8,907.15",-123.7800,-1.3706%
14/05/2009,"8,988.27",81.1200,0.9107%
15/05/2009,"8,964.57",-23.7000,-0.2637%
18/05/2009,"9,068.58",104.0100,1.1602%
19/05/2009,"9,224.96",156.3800,1.7244%
20/05/2009,"9,254.98",30.0200,0.3254%
21/05/2009,"9,112.90",-142.0800,-1.5352%
22/05/2009,"9,090.75",-22.1500,-0.2431%
26/05/2009,"9,169.76",79.0100,0.8691%
27/05/2009,"9,129.13",-40.6300,-0.4431%
28/05/2009,"9,207.94",78.8100,0.8633%
29/05/2009,"9,262.72",54.7800,0.5949%
01/06/2009,"9,431.53",168.8100,1.8225%
02/06/2009,"9,377.89",-53.6400,-0.5687%
03/06/2009,"9,312.00",-65.8900,-0.7026%
04/06/2009,"9,414.17",102.1700,1.0972%
05/06/2009,"9,428.42",14.2500,0.1514%
08/06/2009,"9,406.43",-21.9900,-0.2332%
09/06/2009,"9,429.90",23.4700,0.2495%
10/06/2009,"9,452.40",22.5000,0.2386%
11/06/2009,"9,630.54",178.1400,1.8846%
12/06/2009,"9,672.86",42.3200,0.4394%
16/06/2009,"9,571.99",-100.8700,-1.0428%
17/06/2009,"9,599.73",27.7400,0.2898%
18/06/2009,"9,712.02",112.2900,1.1697%
19/06/2009,"9,749.20",37.1800,0.3828%
23/06/2009,"9,721.91",-27.2900,-0.2799%
24/06/2009,"9,703.33",-18.5800,-0.1911%
25/06/2009,"9,805.38",102.0500,1.0517%
26/06/2009,"9,797.95",-7.4300,-0.0758%
30/06/2009,"9,879.73",81.7800,0.8347%
01/07/2009,"10,024.52",144.7900,1.4655%
02/07/2009,"10,009.68",-14.8400,-0.1480%
03/07/2009,"9,984.89",-24.7900,-0.2477%
06/07/2009,"9,943.84",-41.0500,-0.4111%
07/07/2009,"9,956.37",12.5300,0.1260%
08/07/2009,"9,811.53",-144.8400,-1.4547%
09/07/2009,"9,645.34",-166.1900,-1.6938%
10/07/2009,"9,628.78",-16.5600,-0.1717%
13/07/2009,"9,627.66",-1.1200,-0.0116%
14/07/2009,"9,692.95",65.2900,0.6782%
15/07/2009,"9,747.12",54.1700,0.5589%
16/07/2009,"9,786.32",39.2000,0.4022%
17/07/2009,"9,893.91",107.5900,1.0994%
21/07/2009,"9,969.77",75.8600,0.7667%
22/07/2009,"10,014.01",44.2400,0.4437%
23/07/2009,"10,283.69",269.6800,2.6930%
24/07/2009,"10,285.59",1.9000,0.0185%
27/07/2009,"10,241.50",-44.0900,-0.4287%
28/07/2009,"10,063.68",-177.8200,-1.7363%
29/07/2009,"10,044.42",-19.2600,-0.1914%
30/07/2009,"10,268.90",224.4800,2.2349%
31/07/2009,"10,329.95",61.0500,0.5945%
03/08/2009,"10,397.99",68.0400,0.6587%
04/08/2009,"10,426.17",28.1800,0.2710%
05/08/2009,"10,375.36",-50.8100,-0.4873%
06/08/2009,"10,437.56",62.2000,0.5995%
10/08/2009,"10,517.47",79.9100,0.7656%
11/08/2009,"10,437.42",-80.0500,-0.7611%
12/08/2009,"10,426.12",-11.3000,-0.1083%
13/08/2009,"10,516.52",90.4000,0.8671%
14/08/2009,"10,501.94",-14.5800,-0.1386%
18/08/2009,"10,449.88",-52.0600,-0.4957%
19/08/2009,"10,474.11",24.2300,0.2319%
20/08/2009,"10,557.75",83.6400,0.7985%
21/08/2009,"10,616.40",58.6500,0.5555%
24/08/2009,"10,766.28",149.8800,1.4118%
25/08/2009,"10,756.85",-9.4300,-0.0876%
26/08/2009,"10,671.23",-85.6200,-0.7960%
27/08/2009,"10,618.18",-53.0500,-0.4971%
28/08/2009,"10,642.06",23.8800,0.2249%
31/08/2009,"10,604.48",-37.5800,-0.3531%
01/09/2009,"10,341.88",-262.6000,-2.4763%
02/09/2009,"10,355.38",13.5000,0.1305%
03/09/2009,"10,279.39",-75.9900,-0.7338%
04/09/2009,"10,423.46",144.0700,1.4015%
07/09/2009,"10,475.75",52.2900,0.5017%
08/09/2009,"10,660.24",184.4900,1.7611%
09/09/2009,"10,627.87",-32.3700,-0.3037%
10/09/2009,"10,556.10",-71.7700,-0.6753%
11/09/2009,"10,524.06",-32.0400,-0.3035%
14/09/2009,"10,493.95",-30.1100,-0.2861%
15/09/2009,"10,779.22",285.2700,2.7184%
16/09/2009,"10,808.85",29.6300,0.2749%
17/09/2009,"10,762.21",-46.6400,-0.4315%
18/09/2009,"10,913.64",151.4300,1.4071%
21/09/2009,"10,845.08",-68.5600,-0.6282%
22/09/2009,"10,911.94",66.8600,0.6165%
23/09/2009,"10,984.78",72.8400,0.6675%
24/09/2009,"10,958.86",-25.9200,-0.2360%
25/09/2009,"11,078.43",119.5700,1.0911%
28/09/2009,"11,264.38",185.9500,1.6785%
29/09/2009,"11,183.36",-81.0200,-0.7193%
30/09/2009,"11,257.91",74.5500,0.6666%
01/10/2009,"11,153.52",-104.3900,-0.9273%
02/10/2009,"11,152.54",-0.9800,-0.0088%
05/10/2009,"11,255.87",103.3300,0.9265%
06/10/2009,"11,376.81",120.9400,1.0745%
07/10/2009,"11,353.42",-23.3900,-0.2056%
08/10/2009,"11,288.30",-65.1200,-0.5736%
09/10/2009,"11,181.44",-106.8600,-0.9466%
13/10/2009,"10,943.32",-238.1200,-2.1296%
14/10/2009,"10,899.97",-43.3500,-0.3961%
15/10/2009,"10,863.17",-36.8000,-0.3376%
16/10/2009,"10,942.50",79.3300,0.7303%
19/10/2009,"11,158.83",216.3300,1.9770%
20/10/2009,"11,059.08",-99.7500,-0.8939%
21/10/2009,"11,081.45",22.3700,0.2023%
22/10/2009,"11,008.88",-72.5700,-0.6549%
23/10/2009,"11,012.26",3.3800,0.0307%
26/10/2009,"10,897.88",-114.3800,-1.0387%
27/10/2009,"10,808.19",-89.6900,-0.8230%
28/10/2009,"10,824.26",16.0700,0.1487%
29/10/2009,"10,921.26",97.0000,0.8961%
30/10/2009,"10,687.03",-234.2300,-2.1447%
03/11/2009,"10,536.74",-150.2900,-1.4063%
04/11/2009,"10,765.81",229.0700,2.1740%
05/11/2009,"10,950.36",184.5500,1.7142%
06/11/2009,"10,920.04",-30.3200,-0.2769%
09/11/2009,"11,092.60",172.5600,1.5802%
10/11/2009,"11,088.11",-4.4900,-0.0405%
11/11/2009,"11,086.74",-1.3700,-0.0124%
12/11/2009,"11,191.69",104.9500,0.9466%
13/11/2009,"11,216.45",24.7600,0.2212%
17/11/2009,"11,250.10",33.6500,0.3000%
18/11/2009,"11,132.46",-117.6400,-1.0457%
19/11/2009,"11,160.59",28.1300,0.2527%
20/11/2009,"11,172.02",11.4300,0.1024%
23/11/2009,"11,199.38",27.3600,0.2449%
24/11/2009,"11,248.02",48.6400,0.4343%
25/11/2009,"11,382.69",134.6700,1.1973%
26/11/2009,"11,248.55",-134.1400,-1.1785%
27/11/2009,"11,348.26",99.7100,0.8864%
30/11/2009,"11,245.01",-103.2500,-0.9098%
01/12/2009,"11,376.05",131.0400,1.1653%
02/12/2009,"11,423.48",47.4300,0.4169%
03/12/2009,"11,558.72",135.2400,1.1839%
04/12/2009,"11,561.41",2.6900,0.0233%
07/12/2009,"11,563.00",1.5900,0.0138%
09/12/2009,"11,545.53",-17.4700,-0.1511%
10/12/2009,"11,478.70",-66.8300,-0.5788%
11/12/2009,"11,538.39",59.6900,0.5200%
14/12/2009,"11,540.18",1.7900,0.0155%
15/12/2009,"11,592.81",52.6300,0.4561%
16/12/2009,"11,683.43",90.6200,0.7817%
17/12/2009,"11,703.47",20.0400,0.1715%
18/12/2009,"11,594.05",-109.4200,-0.9349%
21/12/2009,"11,576.06",-17.9900,-0.1552%
22/12/2009,"11,565.58",-10.4800,-0.0905%
23/12/2009,"11,511.72",-53.8600,-0.4657%
24/12/2009,"11,614.81",103.0900,0.8955%
28/12/2009,"11,562.42",-52.3900,-0.4511%
29/12/2009,"11,568.90",6.4800,0.0560%
30/12/2009,"11,602.14",33.2400,0.2873%
04/01/2010,"11,641.37",39.2300,0.3381%
05/01/2010,"11,628.92",-12.4500,-0.1069%
06/01/2010,"11,626.59",-2.3300,-0.0200%
07/01/2010,"11,594.89",-31.7000,-0.2727%
08/01/2010,"11,647.21",52.3200,0.4512%
12/01/2010,"11,575.90",-71.3100,-0.6122%
13/01/2010,"11,639.21",63.3100,0.5469%
14/01/2010,"11,709.91",70.7000,0.6074%
15/01/2010,"11,718.81",8.9000,0.0760%
18/01/2010,"11,717.17",-1.6400,-0.0140%
19/01/2010,"11,780.66",63.4900,0.5419%
20/01/2010,"11,730.08",-50.5800,-0.4293%
21/01/2010,"11,469.90",-260.1800,-2.2181%
22/01/2010,"11,536.20",66.3000,0.5780%
25/01/2010,"11,378.82",-157.3800,-1.3642%
26/01/2010,"11,475.91",97.0900,0.8533%
27/01/2010,"11,453.94",-21.9700,-0.1914%
28/01/2010,"11,469.81",15.8700,0.1386%
29/01/2010,"11,551.45",81.6400,0.7118%
01/02/2010,"11,510.00",-41.4500,-0.3588%
02/02/2010,"11,551.99",41.9900,0.3648%
03/02/2010,"11,501.64",-50.3500,-0.4359%
04/02/2010,"11,333.99",-167.6500,-1.4576%
05/02/2010,"11,222.65",-111.3400,-0.9824%
08/02/2010,"11,234.23",11.5800,0.1032%
09/02/2010,"11,377.28",143.0500,1.2733%
10/02/2010,"11,442.82",65.5400,0.5761%
11/02/2010,"11,476.25",33.4300,0.2921%
12/02/2010,"11,469.31",-6.9400,-0.0605%
15/02/2010,"11,474.14",4.8300,0.0421%
16/02/2010,"11,530.89",56.7500,0.4946%
17/02/2010,"11,538.43",7.5400,0.0654%
18/02/2010,"11,462.93",-75.5000,-0.6543%
19/02/2010,"11,588.01",125.0800,1.0912%
22/02/2010,"11,596.57",8.5600,0.0739%
23/02/2010,"11,621.04",24.4700,0.2110%
24/02/2010,"11,797.69",176.6500,1.5201%
25/02/2010,"11,670.03",-127.6600,-1.0821%
26/02/2010,"11,724.52",54.4900,0.4669%
01/03/2010,"11,753.52",29.0000,0.2473%
02/03/2010,"11,737.08",-16.4400,-0.1399%
03/03/2010,"11,836.59",99.5100,0.8478%
04/03/2010,"11,811.27",-25.3200,-0.2139%
05/03/2010,"11,815.59",4.3200,0.0366%
08/03/2010,"11,900.35",84.7600,0.7174%
09/03/2010,"11,852.19",-48.1600,-0.4047%
10/03/2010,"11,836.31",-15.8800,-0.1340%
11/03/2010,"11,849.16",12.8500,0.1086%
12/03/2010,"11,870.26",21.1000,0.1781%
15/03/2010,"11,826.61",-43.6500,-0.3677%
16/03/2010,"11,890.11",63.5000,0.5369%
17/03/2010,"12,046.44",156.3300,1.3148%
18/03/2010,"12,066.36",19.9200,0.1654%
19/03/2010,"11,920.52",-145.8400,-1.2086%
23/03/2010,"12,008.56",88.0400,0.7386%
24/03/2010,"11,978.01",-30.5500,-0.2544%
25/03/2010,"12,006.68",28.6700,0.2394%
26/03/2010,"11,965.32",-41.3600,-0.3445%
29/03/2010,"12,016.40",51.0800,0.4269%
30/03/2010,"12,042.19",25.7900,0.2146%
31/03/2010,"12,118.31",76.1200,0.6321%
05/04/2010,"12,190.87",72.5600,0.5988%
06/04/2010,"12,266.98",76.1100,0.6243%
07/04/2010,"12,360.39",93.4100,0.7615%
08/04/2010,"12,397.66",37.2700,0.3015%
09/04/2010,"12,369.36",-28.3000,-0.2283%
12/04/2010,"12,385.99",16.6300,0.1344%
13/04/2010,"12,398.73",12.7400,0.1029%
14/04/2010,"12,512.65",113.9200,0.9188%
15/04/2010,"12,526.89",14.2400,0.1138%
16/04/2010,"12,362.14",-164.7500,-1.3152%
19/04/2010,"12,289.67",-72.4700,-0.5862%
20/04/2010,"12,425.36",135.6900,1.1041%
21/04/2010,"12,477.06",51.7000,0.4161%
22/04/2010,"12,514.47",37.4100,0.2998%
23/04/2010,"12,615.10",100.6300,0.8041%
26/04/2010,"12,585.69",-29.4100,-0.2331%
27/04/2010,"12,469.08",-116.6100,-0.9265%
28/04/2010,"12,369.12",-99.9600,-0.8017%
29/04/2010,"12,512.15",143.0300,1.1563%
30/04/2010,"12,512.61",0.4600,0.0037%
03/05/2010,"12,697.70",185.0900,1.4792%
04/05/2010,"12,593.10",-104.6000,-0.8238%
05/05/2010,"12,319.61",-273.4900,-2.1717%
06/05/2010,"11,969.15",-350.4600,-2.8447%
07/05/2010,"12,003.37",34.2200,0.2859%
10/05/2010,"12,215.94",212.5700,1.7709%
11/05/2010,"12,289.79",73.8500,0.6045%
12/05/2010,"12,341.01",51.2200,0.4168%
13/05/2010,"12,347.53",6.5200,0.0528%
14/05/2010,"12,220.51",-127.0200,-1.0287%
18/05/2010,"12,021.47",-199.0400,-1.6287%
19/05/2010,"11,932.91",-88.5600,-0.7367%
20/05/2010,"11,855.35",-77.5600,-0.6500%
21/05/2010,"11,869.75",14.4000,0.1215%
24/05/2010,"11,976.05",106.3000,0.8956%
25/05/2010,"11,852.70",-123.3500,-1.0300%
26/05/2010,"12,101.52",248.8200,2.0993%
27/05/2010,"12,107.97",6.4500,0.0533%
28/05/2010,"12,227.20",119.2300,0.9847%
31/05/2010,"12,236.19",8.9900,0.0735%
01/06/2010,"12,282.16",45.9700,0.3757%
02/06/2010,"12,311.27",29.1100,0.2370%
03/06/2010,"12,332.77",21.5000,0.1746%
04/06/2010,"12,222.65",-110.1200,-0.8929%
08/06/2010,"12,182.97",-39.6800,-0.3246%
09/06/2010,"12,267.24",84.2700,0.6917%
10/06/2010,"12,273.20",5.9600,0.0486%
11/06/2010,"12,305.77",32.5700,0.2654%
15/06/2010,"12,337.96",32.1900,0.2616%
16/06/2010,"12,413.38",75.4200,0.6113%
17/06/2010,"12,406.63",-6.7500,-0.0544%
18/06/2010,"12,496.31",89.6800,0.7228%
21/06/2010,"12,472.26",-24.0500,-0.1925%
22/06/2010,"12,485.74",13.4800,0.1081%
23/06/2010,"12,503.67",17.9300,0.1436%
24/06/2010,"12,497.09",-6.5800,-0.0526%
25/06/2010,"12,522.03",24.9400,0.1996%
28/06/2010,"12,510.27",-11.7600,-0.0939%
29/06/2010,"12,345.91",-164.3600,-1.3138%
30/06/2010,"12,449.90",103.9900,0.8423%
01/07/2010,"12,388.51",-61.3900,-0.4931%
02/07/2010,"12,345.01",-43.5000,-0.3511%
06/07/2010,"12,391.55",46.5400,0.3770%
07/07/2010,"12,398.94",-7.3900,-0.0596%
08/07/2010,"12,511.31",112.3700,0.9063%
09/07/2010,"12,548.47",37.1600,0.2970%
12/07/2010,"12,703.92",155.4500,1.2388%
13/07/2010,"12,776.95",73.0300,0.5749%
14/07/2010,"12,870.89",93.9400,0.7352%
15/07/2010,"12,957.59",86.7000,0.6736%
16/07/2010,"12,918.72",-38.8700,-0.3000%
19/07/2010,"12,940.49",21.7700,0.1685%
21/07/2010,"13,203.77",263.2800,2.0345%
22/07/2010,"13,221.02",17.2500,0.1306%
23/07/2010,"13,269.82",48.8000,0.3691%
26/07/2010,"13,480.90",211.0800,1.5907%
27/07/2010,"13,518.26",37.3600,0.2771%
28/07/2010,"13,419.84",-98.4200,-0.7281%
29/07/2010,"13,195.85",-223.9900,-1.6691%
30/07/2010,"13,283.28",87.4300,0.6626%
02/08/2010,"13,340.48",57.2000,0.4306%
03/08/2010,"13,428.40",87.9200,0.6590%
04/08/2010,"13,486.51",58.1100,0.4327%
05/08/2010,"13,574.55",88.0400,0.6528%
06/08/2010,"13,397.41",-177.1400,-1.3049%
09/08/2010,"13,409.80",12.3900,0.0925%
10/08/2010,"13,380.92",-28.8800,-0.2154%
11/08/2010,"13,224.02",-156.9000,-1.1726%
12/08/2010,"13,199.73",-24.2900,-0.1837%
13/08/2010,"13,301.28",101.5500,0.7693%
17/08/2010,"13,339.58",38.3000,0.2879%
18/08/2010,"13,395.84",56.2600,0.4218%
19/08/2010,"13,438.32",42.4800,0.3171%
20/08/2010,"13,453.25",14.9300,0.1111%
23/08/2010,"13,602.04",148.7900,1.1060%
24/08/2010,"13,600.74",-1.3000,-0.0096%
25/08/2010,"13,588.11",-12.6300,-0.0929%
26/08/2010,"13,696.42",108.3100,0.7971%
27/08/2010,"13,904.18",207.7600,1.5169%
30/08/2010,"13,908.21",4.0300,0.0290%
31/08/2010,"14,105.47",197.2600,1.4183%
01/09/2010,"14,474.52",369.0500,2.6164%
02/09/2010,"13,985.66",-488.8600,-3.3774%
03/09/2010,"14,066.55",80.8900,0.5784%
06/09/2010,"14,258.66",192.1100,1.3657%
07/09/2010,"14,208.87",-49.7900,-0.3492%
08/09/2010,"14,411.19",202.3200,1.4239%
09/09/2010,"14,374.50",-36.6900,-0.2546%
10/09/2010,"14,147.34",-227.1600,-1.5803%
13/09/2010,"14,128.29",-19.0500,-0.1347%
14/09/2010,"14,193.31",65.0200,0.4602%
15/09/2010,"14,095.68",-97.6300,-0.6879%
16/09/2010,"14,086.69",-8.9900,-0.0638%
17/09/2010,"14,043.50",-43.1900,-0.3066%
20/09/2010,"14,204.45",160.9500,1.1461%
21/09/2010,"14,246.03",41.5800,0.2927%
22/09/2010,"14,170.36",-75.6700,-0.5312%
23/09/2010,"14,064.04",-106.3200,-0.7503%
24/09/2010,"14,125.10",61.0600,0.4342%
27/09/2010,"14,252.12",127.0200,0.8993%
28/09/2010,"14,520.47",268.3500,1.8829%
29/09/2010,"14,701.55",181.0800,1.2471%
30/09/2010,"14,710.97",9.4200,0.0641%
01/10/2010,"14,697.55",-13.4200,-0.0912%
04/10/2010,"14,688.34",-9.2100,-0.0627%
05/10/2010,"14,927.93",239.5900,1.6312%
06/10/2010,"15,169.07",241.1400,1.6154%
07/10/2010,"15,059.61",-109.4600,-0.7216%
08/10/2010,"15,233.82",174.2100,1.1568%
11/10/2010,"15,405.39",171.5700,1.1262%
12/10/2010,"15,415.32",9.9300,0.0645%
13/10/2010,"15,647.40",232.0800,1.5055%
14/10/2010,"15,464.31",-183.0900,-1.1701%
15/10/2010,"15,317.15",-147.1600,-0.9516%
19/10/2010,"15,531.71",214.5600,1.4008%
20/10/2010,"15,576.68",44.9700,0.2895%
21/10/2010,"15,715.95",139.2700,0.8941%
22/10/2010,"15,915.86",199.9100,1.2720%
25/10/2010,"15,866.00",-49.8600,-0.3133%
26/10/2010,"15,626.32",-239.6800,-1.5107%
27/10/2010,"15,563.17",-63.1500,-0.4041%
28/10/2010,"15,662.36",99.1900,0.6373%
29/10/2010,"15,899.57",237.2100,1.5145%
02/11/2010,"16,003.97",104.4000,0.6566%
03/11/2010,"16,096.99",93.0200,0.5812%
04/11/2010,"16,262.62",165.6300,1.0290%
05/11/2010,"16,278.88",16.2600,0.1000%
08/11/2010,"16,263.59",-15.2900,-0.0939%
09/11/2010,"16,243.07",-20.5200,-0.1262%
10/11/2010,"15,830.63",-412.4400,-2.5392%
11/11/2010,"15,460.18",-370.4500,-2.3401%
12/11/2010,"15,107.50",-352.6800,-2.2812%
16/11/2010,"14,575.07",-532.4300,-3.5243%
17/11/2010,"15,067.22",492.1500,3.3767%
18/11/2010,"15,266.73",199.5100,1.3241%
19/11/2010,"14,955.20",-311.5300,-2.0406%
22/11/2010,"14,925.77",-29.4300,-0.1968%
23/11/2010,"14,708.00",-217.7700,-1.4590%
24/11/2010,"15,062.09",354.0900,2.4075%
25/11/2010,"15,035.74",-26.3500,-0.1749%
26/11/2010,"14,915.26",-120.4800,-0.8013%
29/11/2010,"14,822.30",-92.9600,-0.6233%
30/11/2010,"14,935.58",113.2800,0.7643%
01/12/2010,"15,081.78",146.2000,0.9789%
02/12/2010,"15,338.63",256.8500,1.7030%
03/12/2010,"15,377.64",39.0100,0.2543%
06/12/2010,"15,463.50",85.8600,0.5583%
07/12/2010,"15,448.08",-15.4200,-0.0997%
09/12/2010,"15,364.74",-83.3400,-0.5395%
10/12/2010,"15,399.83",35.0900,0.2284%
13/12/2010,"15,507.31",107.4800,0.6979%
14/12/2010,"15,539.89",32.5800,0.2101%
15/12/2010,"15,353.98",-185.9100,-1.1963%
16/12/2010,"15,384.47",30.4900,0.1986%
17/12/2010,"15,379.05",-5.4200,-0.0352%
20/12/2010,"15,308.76",-70.2900,-0.4571%
21/12/2010,"15,380.06",71.3000,0.4657%
22/12/2010,"15,523.63",143.5700,0.9335%
23/12/2010,"15,617.79",94.1600,0.6066%
24/12/2010,"15,669.17",51.3800,0.3290%
27/12/2010,"15,805.05",135.8800,0.8672%
28/12/2010,"15,660.89",-144.1600,-0.9121%
29/12/2010,"15,599.54",-61.3500,-0.3917%
30/12/2010,"15,496.77",-102.7700,-0.6588%
03/01/2011,"15,368.27",-128.5000,-0.8292%
04/01/2011,"15,366.95",-1.3200,-0.0086%
05/01/2011,"15,255.57",-111.3800,-0.7248%
06/01/2011,"15,009.35",-246.2200,-1.6140%
07/01/2011,"15,099.54",90.1900,0.6009%
11/01/2011,"15,000.92",-98.6200,-0.6531%
12/01/2011,"15,168.44",167.5200,1.1167%
13/01/2011,"15,227.75",59.3100,0.3910%
14/01/2011,"15,175.86",-51.8900,-0.3408%
17/01/2011,"15,208.48",32.6200,0.2149%
18/01/2011,"15,149.39",-59.0900,-0.3885%
19/01/2011,"14,951.05",-198.3400,-1.3092%
20/01/2011,"14,798.71",-152.3400,-1.0189%
21/01/2011,"14,951.81",153.1000,1.0345%
24/01/2011,"14,955.57",3.7600,0.0251%
25/01/2011,"14,908.90",-46.6700,-0.3121%
26/01/2011,"15,098.13",189.2300,1.2692%
27/01/2011,"15,090.22",-7.9100,-0.0524%
28/01/2011,"15,066.08",-24.1400,-0.1600%
31/01/2011,"15,077.93",11.8500,0.0787%
01/02/2011,"15,027.20",-50.7300,-0.3365%
02/02/2011,"14,943.01",-84.1900,-0.5603%
03/02/2011,"14,850.61",-92.4000,-0.6183%
04/02/2011,"14,619.62",-230.9900,-1.5554%
07/02/2011,"14,417.71",-201.9100,-1.3811%
08/02/2011,"14,548.36",130.6500,0.9062%
09/02/2011,"14,504.31",-44.0500,-0.3028%
10/02/2011,"14,427.35",-76.9600,-0.5306%
11/02/2011,"14,443.58",16.2300,0.1125%
14/02/2011,"14,544.59",101.0100,0.6993%
15/02/2011,"14,498.10",-46.4900,-0.3196%
16/02/2011,"14,487.19",-26.3400,-0.1815%
17/02/2011,"14,329.74",-157.4500,-1.0868%
18/02/2011,"14,127.75",-201.9900,-1.4096%
21/02/2011,"14,263.52",135.7700,0.9610%
22/02/2011,"14,289.45",25.9300,0.1818%
23/02/2011,"14,602.91",313.4600,2.1936%
24/02/2011,"14,576.47",-26.4400,-0.1811%
25/02/2011,"14,746.12",169.6500,1.1639%
28/02/2011,"15,008.36",262.2400,1.7784%
01/03/2011,"15,134.22",125.8600,0.8386%
02/03/2011,"15,140.43",6.2100,0.0410%
03/03/2011,"15,334.59",194.1600,1.2824%
04/03/2011,"15,381.15",46.5600,0.3036%
07/03/2011,"15,283.51",-97.6400,-0.6348%
08/03/2011,"15,115.33",-168.1800,-1.1004%
09/03/2011,"15,187.99",72.6600,0.4807%
10/03/2011,"14,862.89",-325.1000,-2.1405%
11/03/2011,"14,538.42",-324.4700,-2.1831%
14/03/2011,"14,289.95",-248.4700,-1.7091%
15/03/2011,"13,942.09",-347.8600,-2.4343%
16/03/2011,"13,877.37",-64.7200,-0.4642%
17/03/2011,"14,407.42",530.0500,3.8195%
18/03/2011,"14,649.35",241.9300,1.6792%
22/03/2011,"14,608.62",-40.7300,-0.2780%
23/03/2011,"14,646.62",38.0000,0.2601%
24/03/2011,"14,667.28",20.6600,0.1411%
25/03/2011,"14,556.84",-110.4400,-0.7530%
28/03/2011,"14,479.66",-77.1800,-0.5302%
29/03/2011,"14,361.45",-118.2100,-0.8164%
30/03/2011,"14,303.74",-57.7100,-0.4018%
31/03/2011,"14,469.66",165.9200,1.1600%
01/04/2011,"14,364.27",-105.3900,-0.7284%
04/04/2011,"14,373.86",9.5900,0.0668%
05/04/2011,"14,593.03",219.1700,1.5248%
06/04/2011,"14,682.72",89.6900,0.6146%
07/04/2011,"14,668.79",-13.9300,-0.0949%
08/04/2011,"14,556.07",-112.7200,-0.7684%
11/04/2011,"14,482.01",-74.0600,-0.5088%
12/04/2011,"14,196.15",-285.8600,-1.9739%
13/04/2011,"14,260.01",63.8600,0.4498%
14/04/2011,"14,071.38",-188.6300,-1.3228%
15/04/2011,"14,102.75",31.3700,0.2229%
18/04/2011,"13,938.08",-164.6700,-1.1676%
19/04/2011,"14,052.65",114.5700,0.8220%
20/04/2011,"14,342.66",290.0100,2.0637%
25/04/2011,"14,236.78",-105.8800,-0.7382%
26/04/2011,"14,295.90",59.1200,0.4153%
27/04/2011,"14,231.55",-64.3500,-0.4501%
28/04/2011,"14,300.67",69.1200,0.4857%
29/04/2011,"14,384.20",83.5300,0.5841%
02/05/2011,"14,316.39",-67.8100,-0.4714%
03/05/2011,"14,113.62",-202.7700,-1.4163%
04/05/2011,"14,070.68",-42.9400,-0.3042%
05/05/2011,"13,767.12",-303.5600,-2.1574%
06/05/2011,"13,841.64",74.5200,0.5413%
09/05/2011,"13,977.61",135.9700,0.9823%
10/05/2011,"14,173.14",195.5300,1.3989%
11/05/2011,"14,201.11",27.9700,0.1973%
12/05/2011,"14,276.59",75.4800,0.5315%
13/05/2011,"14,262.56",-14.0300,-0.0983%
16/05/2011,"14,163.89",-98.6700,-0.6918%
17/05/2011,"14,245.16",81.2700,0.5738%
18/05/2011,"14,209.12",-36.0400,-0.2530%
19/05/2011,"14,115.18",-93.9400,-0.6611%
20/05/2011,"14,129.43",14.2500,0.1010%
23/05/2011,"14,128.23",-1.2000,-0.0085%
24/05/2011,"14,148.14",19.9100,0.1409%
25/05/2011,"14,180.03",31.8900,0.2254%
26/05/2011,"14,343.92",163.8900,1.1558%
27/05/2011,"14,338.10",-5.8200,-0.0406%
30/05/2011,"14,388.46",50.3600,0.3512%
31/05/2011,"14,550.52",162.0600,1.1263%
01/06/2011,"14,462.77",-87.7500,-0.6031%
02/06/2011,"14,443.03",-19.7400,-0.1365%
03/06/2011,"14,444.02",0.9900,0.0069%
07/06/2011,"14,416.15",-27.8700,-0.1930%
08/06/2011,"14,438.69",22.5400,0.1564%
09/06/2011,"14,424.11",-14.5800,-0.1010%
10/06/2011,"14,406.57",-17.5400,-0.1216%
13/06/2011,"14,248.27",-158.3000,-1.0988%
14/06/2011,"14,272.90",24.6300,0.1729%
15/06/2011,"14,030.47",-242.4300,-1.6985%
16/06/2011,"14,026.12",-4.3500,-0.0310%
17/06/2011,"14,031.16",5.0400,0.0359%
20/06/2011,"14,058.45",27.2900,0.1945%
21/06/2011,"14,197.88",139.4300,0.9918%
22/06/2011,"14,274.10",76.2200,0.5400%
23/06/2011,"14,214.98",-59.1200,-0.4142%
24/06/2011,"14,131.72",-83.2600,-0.5857%
28/06/2011,"14,137.69",5.9700,0.0422%
29/06/2011,"14,204.34",66.6500,0.4714%
30/06/2011,"14,067.73",-136.6100,-0.9617%
01/07/2011,"14,075.58",7.8500,0.0558%
05/07/2011,"14,159.21",83.6300,0.5941%
06/07/2011,"13,865.99",-293.2200,-2.0709%
07/07/2011,"13,846.66",-19.3300,-0.1394%
08/07/2011,"13,740.63",-106.0300,-0.7657%
11/07/2011,"13,372.39",-368.2400,-2.6799%
12/07/2011,"13,271.70",-100.6900,-0.7530%
13/07/2011,"13,343.71",72.0100,0.5426%
14/07/2011,"13,129.50",-214.2100,-1.6053%
15/07/2011,"13,134.13",4.6300,0.0353%
18/07/2011,"13,189.13",55.0000,0.4188%
19/07/2011,"13,591.02",401.8900,3.0471%
21/07/2011,"13,825.48",234.4600,1.7251%
22/07/2011,"13,822.90",-2.5800,-0.0187%
25/07/2011,"13,878.85",55.9500,0.4048%
26/07/2011,"14,052.59",173.7400,1.2518%
27/07/2011,"13,945.91",-106.6800,-0.7591%
28/07/2011,"14,069.38",123.4700,0.8853%
29/07/2011,"14,039.31",-30.0700,-0.2137%
01/08/2011,"14,100.52",61.2100,0.4360%
02/08/2011,"13,957.98",-142.5400,-1.0109%
03/08/2011,"13,868.93",-89.0500,-0.6380%
04/08/2011,"13,420.71",-448.2200,-3.2318%
05/08/2011,"13,247.13",-173.5800,-1.2934%
08/08/2011,"12,702.19",-544.9400,-4.1136%
09/08/2011,"13,086.20",384.0100,3.0232%
10/08/2011,"13,071.59",-14.6100,-0.1116%
11/08/2011,"13,262.02",190.4300,1.4568%
12/08/2011,"13,413.84",151.8200,1.1448%
16/08/2011,"13,489.13",75.2900,0.5613%
17/08/2011,"13,473.33",-15.8000,-0.1171%
18/08/2011,"13,049.39",-423.9400,-3.1465%
19/08/2011,"12,948.56",-100.8300,-0.7727%
22/08/2011,"13,026.61",78.0500,0.6028%
23/08/2011,"13,195.13",168.5200,1.2937%
24/08/2011,"13,321.05",125.9200,0.9543%
25/08/2011,"13,222.27",-98.7800,-0.7415%
26/08/2011,"13,180.95",-41.3200,-0.3125%
29/08/2011,"13,404.08",223.1300,1.6928%
30/08/2011,"13,524.94",120.8600,0.9017%
31/08/2011,"13,421.00",-103.9400,-0.7685%
01/09/2011,"13,470.37",49.3700,0.3679%
02/09/2011,"13,458.55",-11.8200,-0.0877%
05/09/2011,"13,210.79",-247.7600,-1.8409%
06/09/2011,"13,429.43",218.6400,1.6550%
07/09/2011,"13,543.30",113.8700,0.8479%
08/09/2011,"13,515.50",-27.8000,-0.2053%
09/09/2011,"13,413.45",-102.0500,-0.7551%
12/09/2011,"13,417.83",4.3800,0.0327%
13/09/2011,"13,486.61",68.7800,0.5126%
14/09/2011,"13,555.00",68.3900,0.5071%
15/09/2011,"13,684.26",129.2600,0.9536%
16/09/2011,"13,884.17",199.9100,1.4609%
19/09/2011,"13,838.99",-45.1800,-0.3254%
20/09/2011,"13,879.58",40.5900,0.2933%
21/09/2011,"13,640.22",-239.3600,-1.7245%
22/09/2011,"13,187.00",-453.2200,-3.3227%
23/09/2011,"12,971.77",-215.2300,-1.6321%
26/09/2011,"12,853.70",-118.0700,-0.9102%
27/09/2011,"12,968.43",114.7300,0.8926%
28/09/2011,"12,878.30",-90.1300,-0.6950%
29/09/2011,"12,933.41",55.1100,0.4279%
30/09/2011,"12,915.80",-17.6100,-0.1362%
03/10/2011,"12,518.78",-397.0200,-3.0739%
04/10/2011,"12,579.23",60.4500,0.4829%
05/10/2011,"12,693.99",114.7600,0.9123%
06/10/2011,"12,965.01",271.0200,2.1350%
07/10/2011,"12,871.86",-93.1500,-0.7185%
10/10/2011,"13,097.07",225.2100,1.7496%
11/10/2011,"13,063.42",-33.6500,-0.2569%
12/10/2011,"13,288.15",224.7300,1.7203%
13/10/2011,"13,307.11",18.9600,0.1427%
14/10/2011,"13,355.48",48.3700,0.3635%
18/10/2011,"13,463.17",107.6900,0.8063%
19/10/2011,"13,358.03",-105.1400,-0.7809%
20/10/2011,"13,363.53",5.5000,0.0412%
21/10/2011,"13,507.02",143.4900,1.0737%
24/10/2011,"13,603.34",96.3200,0.7131%
25/10/2011,"13,386.36",-216.9800,-1.5950%
26/10/2011,"13,391.29",4.9300,0.0368%
27/10/2011,"13,583.06",191.7700,1.4321%
28/10/2011,"13,527.44",-55.6200,-0.4095%
31/10/2011,"13,322.53",-204.9100,-1.5148%
01/11/2011,"13,077.68",-244.8500,-1.8379%
02/11/2011,"13,024.52",-53.1600,-0.4065%
03/11/2011,"13,256.92",232.4000,1.7843%
04/11/2011,"13,017.65",-239.2700,-1.8049%
08/11/2011,"13,055.76",38.1100,0.2928%
09/11/2011,"12,781.74",-274.0200,-2.0988%
10/11/2011,"12,714.19",-67.5500,-0.5285%
11/11/2011,"12,892.48",178.2900,1.4023%
15/11/2011,"12,821.14",-71.3400,-0.5533%
16/11/2011,"12,723.22",-97.9200,-0.7637%
17/11/2011,"12,707.62",-15.6000,-0.1226%
18/11/2011,"12,668.61",-39.0100,-0.3070%
21/11/2011,"12,480.09",-188.5200,-1.4881%
22/11/2011,"12,514.29",34.2000,0.2740%
23/11/2011,"12,151.08",-363.2100,-2.9024%
24/11/2011,"12,168.17",17.0900,0.1406%
25/11/2011,"12,163.00",-5.1700,-0.0425%
28/11/2011,"12,501.82",338.8200,2.7857%
29/11/2011,"12,529.52",27.7000,0.2216%
30/11/2011,"12,924.33",394.8100,3.1510%
01/12/2011,"12,924.52",0.1900,0.0015%
02/12/2011,"13,011.24",86.7200,0.6710%
05/12/2011,"12,900.32",-110.9200,-0.8525%
06/12/2011,"12,665.32",-235.0000,-1.8217%
07/12/2011,"12,884.55",219.2300,1.7309%
09/12/2011,"12,819.41",-65.1400,-0.5056%
12/12/2011,"12,770.03",-49.3800,-0.3852%
13/12/2011,"12,606.51",-163.5200,-1.2805%
14/12/2011,"12,424.98",-181.5300,-1.4400%
15/12/2011,"12,314.19",-110.7900,-0.8917%
16/12/2011,"12,590.31",276.1200,2.2423%
19/12/2011,"12,489.13",-101.1800,-0.8036%
20/12/2011,"12,647.34",158.2100,1.2668%
21/12/2011,"12,688.95",41.6100,0.3290%
22/12/2011,"12,798.20",109.2500,0.8610%
23/12/2011,"12,788.96",-9.2400,-0.0722%
26/12/2011,"12,667.06",-121.9000,-0.9532%
27/12/2011,"12,693.02",25.9600,0.2049%
28/12/2011,"12,747.58",54.5600,0.4298%
29/12/2011,"12,665.71",-81.8700,-0.6422%
02/01/2012,"12,735.77",70.0600,0.5531%
03/01/2012,"12,951.94",216.1700,1.6973%
04/01/2012,"12,934.52",-17.4200,-0.1345%
05/01/2012,"12,972.03",37.5100,0.2900%
06/01/2012,"12,932.56",-39.4700,-0.3043%
10/01/2012,"13,307.98",375.4200,2.9029%
11/01/2012,"13,274.18",-33.8000,-0.2540%
12/01/2012,"13,079.57",-194.6100,-1.4661%
13/01/2012,"13,123.86",44.2900,0.3386%
16/01/2012,"13,080.71",-43.1500,-0.3288%
17/01/2012,"13,291.73",211.0200,1.6132%
18/01/2012,"13,467.99",176.2600,1.3261%
19/01/2012,"13,476.59",8.6000,0.0639%
20/01/2012,"13,499.58",22.9900,0.1706%
23/01/2012,"13,579.77",80.1900,0.5940%
24/01/2012,"13,543.15",-36.6200,-0.2697%
25/01/2012,"13,654.22",111.0700,0.8201%
26/01/2012,"13,582.29",-71.9300,-0.5268%
27/01/2012,"13,595.07",12.7800,0.0941%
30/01/2012,"13,766.91",171.8400,1.2640%
31/01/2012,"13,863.33",96.4200,0.7004%
01/02/2012,"13,870.60",7.2700,0.0524%
02/02/2012,"13,918.23",47.6300,0.3434%
03/02/2012,"13,954.58",36.3500,0.2612%
06/02/2012,"13,940.14",-14.4400,-0.1035%
07/02/2012,"14,019.03",78.8900,0.5659%
08/02/2012,"14,052.98",33.9500,0.2422%
09/02/2012,"14,111.22",58.2400,0.4144%
10/02/2012,"14,084.97",-26.2500,-0.1860%
13/02/2012,"14,158.93",73.9600,0.5251%
14/02/2012,"14,220.55",61.6200,0.4352%
15/02/2012,"14,275.68",55.1300,0.3877%
16/02/2012,"14,521.57",245.8900,1.7224%
17/02/2012,"14,573.77",52.2000,0.3595%
20/02/2012,"14,646.81",73.0400,0.5012%
21/02/2012,"14,570.92",-75.8900,-0.5181%
22/02/2012,"14,566.05",-4.8700,-0.0334%
23/02/2012,"14,921.95",355.9000,2.4434%
24/02/2012,"14,954.30",32.3500,0.2168%
27/02/2012,"14,800.38",-153.9200,-1.0293%
28/02/2012,"14,727.00",-73.3800,-0.4958%
29/02/2012,"14,932.81",205.8100,1.3975%
01/03/2012,"15,169.74",236.9300,1.5866%
02/03/2012,"15,209.56",39.8200,0.2625%
05/03/2012,"15,152.57",-56.9900,-0.3747%
06/03/2012,"14,800.17",-352.4000,-2.3257%
07/03/2012,"14,827.65",27.4800,0.1857%
08/03/2012,"14,973.10",145.4500,0.9809%
09/03/2012,"15,040.23",67.1300,0.4483%
12/03/2012,"15,029.99",-10.2400,-0.0681%
13/03/2012,"15,288.01",258.0200,1.7167%
14/03/2012,"15,169.35",-118.6600,-0.7762%
15/03/2012,"15,214.39",45.0400,0.2969%
16/03/2012,"14,892.58",-321.8100,-2.1152%
20/03/2012,"14,784.44",-108.1400,-0.7261%
21/03/2012,"14,831.24",46.8000,0.3165%
22/03/2012,"14,674.14",-157.1000,-1.0593%
23/03/2012,"14,955.57",281.4300,1.9179%
26/03/2012,"15,109.53",153.9600,1.0294%
27/03/2012,"14,956.00",-153.5300,-1.0161%
28/03/2012,"15,014.85",58.8500,0.3935%
29/03/2012,"15,154.97",140.1200,0.9332%
30/03/2012,"15,038.26",-116.7100,-0.7701%
02/04/2012,"15,038.71",0.4500,0.0030%
03/04/2012,"15,003.53",-35.1800,-0.2339%
04/04/2012,"14,949.73",-53.8000,-0.3586%
09/04/2012,"14,900.33",-49.4000,-0.3304%
10/04/2012,"14,864.86",-35.4700,-0.2380%
11/04/2012,"15,114.20",249.3400,1.6774%
12/04/2012,"15,114.98",0.7800,0.0052%
13/04/2012,"15,073.02",-41.9600,-0.2776%
16/04/2012,"15,138.58",65.5600,0.4349%
17/04/2012,"15,180.66",42.0800,0.2780%
18/04/2012,"15,123.47",-57.1900,-0.3767%
19/04/2012,"14,998.22",-125.2500,-0.8282%
20/04/2012,"15,016.67",18.4500,0.1230%
23/04/2012,"14,915.56",-101.1100,-0.6733%
24/04/2012,"14,830.18",-85.3800,-0.5724%
25/04/2012,"14,957.25",127.0700,0.8568%
26/04/2012,"15,086.00",128.7500,0.8608%
27/04/2012,"15,131.01",45.0100,0.2984%
30/04/2012,"15,215.78",84.7700,0.5602%
02/05/2012,"15,460.97",245.1900,1.6114%
03/05/2012,"15,423.75",-37.2200,-0.2407%
04/05/2012,"15,208.24",-215.5100,-1.3973%
07/05/2012,"15,240.93",32.6900,0.2149%
08/05/2012,"15,187.15",-53.7800,-0.3529%
09/05/2012,"15,169.65",-17.5000,-0.1152%
10/05/2012,"15,051.50",-118.1500,-0.7789%
11/05/2012,"15,017.55",-33.9500,-0.2256%
14/05/2012,"14,685.95",-331.6000,-2.2081%
15/05/2012,"14,581.17",-104.7800,-0.7135%
16/05/2012,"14,535.49",-45.6800,-0.3133%
17/05/2012,"14,293.73",-241.7600,-1.6632%
18/05/2012,"14,393.48",99.7500,0.6979%
22/05/2012,"14,588.05",194.5700,1.3518%
23/05/2012,"14,519.91",-68.1400,-0.4671%
24/05/2012,"14,455.85",-64.0600,-0.4412%
25/05/2012,"14,473.77",17.9200,0.1240%
28/05/2012,"14,442.18",-31.5900,-0.2183%
29/05/2012,"14,637.75",195.5700,1.3542%
30/05/2012,"14,395.27",-242.4800,-1.6565%
31/05/2012,"14,586.57",191.3000,1.3289%
01/06/2012,"14,130.05",-456.5200,-3.1297%
04/06/2012,"14,041.42",-88.6300,-0.6272%
05/06/2012,"14,014.05",-27.3700,-0.1949%
06/06/2012,"14,094.59",80.5400,0.5747%
07/06/2012,"14,149.32",54.7300,0.3883%
08/06/2012,"14,036.93",-112.3900,-0.7943%
12/06/2012,"13,901.89",-135.0400,-0.9620%
13/06/2012,"13,899.07",-2.8200,-0.0203%
14/06/2012,"13,943.74",44.6700,0.3214%
15/06/2012,"13,884.36",-59.3800,-0.4259%
19/06/2012,"13,995.65",111.2900,0.8015%
20/06/2012,"13,966.57",-29.0800,-0.2078%
21/06/2012,"13,552.38",-414.1900,-2.9656%
22/06/2012,"13,439.95",-112.4300,-0.8296%
25/06/2012,"13,081.10",-358.8500,-2.6700%
26/06/2012,"13,141.90",60.8000,0.4648%
27/06/2012,"13,425.65",283.7500,2.1591%
28/06/2012,"13,213.30",-212.3500,-1.5817%
29/06/2012,"13,417.51",204.2100,1.5455%
03/07/2012,"13,703.17",285.6600,2.1290%
04/07/2012,"13,723.33",20.1600,0.1471%
05/07/2012,"13,823.86",100.5300,0.7325%
06/07/2012,"13,711.64",-112.2200,-0.8118%
09/07/2012,"13,713.28",1.6400,0.0120%
10/07/2012,"13,563.46",-149.8200,-1.0925%
11/07/2012,"13,675.13",111.6700,0.8233%
12/07/2012,"13,508.03",-167.1000,-1.2219%
13/07/2012,"13,664.64",156.6100,1.1594%
16/07/2012,"13,576.91",-87.7300,-0.6420%
17/07/2012,"13,653.13",76.2200,0.5614%
18/07/2012,"13,671.90",18.7700,0.1375%
19/07/2012,"13,723.39",51.4900,0.3766%
23/07/2012,"13,576.66",-146.7300,-1.0692%
24/07/2012,"13,558.91",-17.7500,-0.1307%
25/07/2012,"13,373.03",-185.8800,-1.3709%
26/07/2012,"13,489.24",116.2100,0.8690%
27/07/2012,"13,858.17",368.9300,2.7350%
30/07/2012,"13,889.44",31.2700,0.2256%
31/07/2012,"13,768.45",-120.9900,-0.8711%
01/08/2012,"13,673.38",-95.0700,-0.6905%
02/08/2012,"13,486.40",-186.9800,-1.3675%
03/08/2012,"13,487.40",1.0000,0.0074%
06/08/2012,"13,429.17",-58.2300,-0.4317%
08/08/2012,"13,283.02",-146.1500,-1.0883%
09/08/2012,"13,669.43",386.4100,2.9091%
10/08/2012,"13,872.59",203.1600,1.4862%
13/08/2012,"13,895.06",22.4700,0.1620%
14/08/2012,"13,927.67",32.6100,0.2347%
15/08/2012,"14,076.43",148.7600,1.0681%
16/08/2012,"14,242.27",165.8400,1.1781%
17/08/2012,"14,245.48",3.2100,0.0225%
21/08/2012,"14,204.05",-41.4300,-0.2908%
22/08/2012,"14,245.24",41.1900,0.2900%
23/08/2012,"14,198.26",-46.9800,-0.3298%
24/08/2012,"14,162.35",-35.9100,-0.2529%
27/08/2012,"14,199.69",37.3400,0.2637%
28/08/2012,"14,303.24",103.5500,0.7292%
29/08/2012,"14,195.65",-107.5900,-0.7522%
30/08/2012,"14,046.85",-148.8000,-1.0482%
31/08/2012,"14,088.52",41.6700,0.2967%
03/09/2012,"14,099.05",10.5300,0.0747%
04/09/2012,"13,940.66",-158.3900,-1.1234%
05/09/2012,"13,884.75",-55.9100,-0.4011%
06/09/2012,"14,162.74",277.9900,2.0021%
07/09/2012,"14,248.33",85.5900,0.6043%
10/09/2012,"14,184.67",-63.6600,-0.4468%
11/09/2012,"14,179.02",-5.6500,-0.0398%
12/09/2012,"14,155.52",-23.5000,-0.1657%
13/09/2012,"14,335.83",180.3100,1.2738%
14/09/2012,"14,495.57",159.7400,1.1143%
17/09/2012,"14,186.60",-308.9700,-2.1315%
18/09/2012,"14,259.69",73.0900,0.5152%
19/09/2012,"14,347.19",87.5000,0.6136%
20/09/2012,"14,307.99",-39.2000,-0.2732%
21/09/2012,"14,320.19",12.2000,0.0853%
24/09/2012,"14,159.37",-160.8200,-1.1230%
25/09/2012,"13,973.20",-186.1700,-1.3148%
26/09/2012,"13,868.84",-104.3600,-0.7469%
27/09/2012,"14,106.43",237.5900,1.7131%
28/09/2012,"14,056.60",-49.8300,-0.3532%
01/10/2012,"14,101.17",44.5700,0.3171%
02/10/2012,"14,211.93",110.7600,0.7855%
03/10/2012,"14,112.70",-99.2300,-0.6982%
04/10/2012,"14,292.66",179.9600,1.2752%
05/10/2012,"14,354.21",61.5500,0.4306%
08/10/2012,"14,332.70",-21.5100,-0.1499%
09/10/2012,"14,228.54",-104.1600,-0.7267%
10/10/2012,"14,212.06",-16.4800,-0.1158%
11/10/2012,"14,223.87",11.8100,0.0831%
12/10/2012,"14,273.50",49.6300,0.3489%
16/10/2012,"14,440.99",167.4900,1.1734%
17/10/2012,"14,653.26",212.2700,1.4699%
18/10/2012,"14,833.66",180.4000,1.2311%
19/10/2012,"14,849.38",15.7200,0.1060%
22/10/2012,"14,928.39",79.0100,0.5321%
23/10/2012,"14,884.72",-43.6700,-0.2925%
24/10/2012,"14,872.18",-12.5400,-0.0842%
25/10/2012,"15,095.91",223.7300,1.5044%
26/10/2012,"15,142.48",46.5700,0.3085%
29/10/2012,"15,115.10",-27.3800,-0.1808%
30/10/2012,"14,861.28",-253.8200,-1.6792%
31/10/2012,"14,781.24",-80.0400,-0.5386%
01/11/2012,"14,529.17",-252.0700,-1.7053%
02/11/2012,"14,379.46",-149.7100,-1.0304%
06/11/2012,"14,329.87",-49.5900,-0.3449%
07/11/2012,"13,970.23",-359.6400,-2.5097%
08/11/2012,"14,311.99",341.7600,2.4463%
09/11/2012,"14,304.94",-7.0500,-0.0493%
13/11/2012,"14,164.77",-140.1700,-0.9799%
14/11/2012,"14,040.30",-124.4700,-0.8787%
15/11/2012,"14,193.78",153.4800,1.0931%
16/11/2012,"14,093.91",-99.8700,-0.7036%
19/11/2012,"14,152.88",58.9700,0.4184%
20/11/2012,"14,152.28",-0.6000,-0.0042%
21/11/2012,"14,192.94",40.6600,0.2873%
22/11/2012,"14,190.01",-2.9300,-0.0206%
23/11/2012,"14,180.17",-9.8400,-0.0693%
26/11/2012,"14,102.10",-78.0700,-0.5506%
27/11/2012,"14,061.21",-40.8900,-0.2900%
28/11/2012,"14,035.09",-26.1200,-0.1858%
29/11/2012,"14,144.00",108.9100,0.7760%
30/11/2012,"14,165.02",21.0200,0.1486%
03/12/2012,"14,268.26",103.2400,0.7288%
04/12/2012,"14,303.70",35.4400,0.2484%
05/12/2012,"14,395.64",91.9400,0.6428%
06/12/2012,"14,414.84",19.2000,0.1334%
07/12/2012,"14,426.74",11.9000,0.0826%
10/12/2012,"14,500.30",73.5600,0.5099%
11/12/2012,"14,591.84",91.5400,0.6313%
12/12/2012,"14,629.52",37.6800,0.2582%
13/12/2012,"14,592.83",-36.6900,-0.2508%
14/12/2012,"14,534.65",-58.1800,-0.3987%
17/12/2012,"14,592.01",57.3600,0.3946%
18/12/2012,"14,578.61",-13.4000,-0.0918%
19/12/2012,"14,646.38",67.7700,0.4649%
20/12/2012,"14,566.11",-80.2700,-0.5481%
21/12/2012,"14,544.55",-21.5600,-0.1480%
24/12/2012,"14,591.26",46.7100,0.3212%
26/12/2012,"14,588.61",-2.6500,-0.0182%
27/12/2012,"14,709.30",120.6900,0.8273%
28/12/2012,"14,715.84",6.5400,0.0445%
02/01/2013,"14,715.68",-0.1600,-0.0011%
03/01/2013,"14,821.98",106.3000,0.7224%
04/01/2013,"14,844.66",22.6800,-100.0000%
08/01/2013,"14,630.77",-213.8900,-1.4409%
09/01/2013,"14,817.55",186.7800,1.2766%
10/01/2013,"14,739.61",-77.9400,-0.5260%
11/01/2013,"14,729.97",-9.6400,-0.0654%
14/01/2013,"14,756.74",26.7700,0.1817%
15/01/2013,"14,766.26",9.5200,0.0645%
16/01/2013,"14,750.29",-15.9700,-0.1082%
17/01/2013,"14,723.53",-26.7600,-0.1814%
18/01/2013,"14,793.71",70.1800,0.4767%
21/01/2013,"14,778.36",-15.3500,-0.1038%
22/01/2013,"14,821.88",43.5200,0.2945%
23/01/2013,"14,868.84",46.9600,0.3168%
24/01/2013,"14,900.24",31.4000,0.2112%
25/01/2013,"14,992.67",92.4300,0.6203%
28/01/2013,"14,977.48",-15.1900,-0.1013%
29/01/2013,"15,035.59",58.1100,0.3880%
30/01/2013,"14,995.18",-40.4100,-0.2688%
31/01/2013,"14,981.55",-13.6300,-0.0909%
01/02/2013,"15,110.18",128.6300,0.8586%
04/02/2013,"15,136.05",25.8700,0.1712%
05/02/2013,"15,194.72",58.6700,0.3876%
06/02/2013,"15,171.53",-23.1900,-0.1526%
07/02/2013,"15,042.55",-128.9800,-0.8501%
08/02/2013,"15,023.23",-19.3200,-0.1284%
11/02/2013,"14,891.01",-132.2200,-0.8801%
12/02/2013,"14,928.81",37.8000,0.2538%
13/02/2013,"15,059.04",130.2300,0.8723%
14/02/2013,"15,037.15",-21.8900,-0.1454%
15/02/2013,"14,960.90",-76.2500,-0.5071%
18/02/2013,"14,973.92",13.0200,0.0870%
19/02/2013,"14,876.13",-97.7900,-0.6531%
20/02/2013,"14,814.17",-61.9600,-0.4165%
21/02/2013,"14,746.04",-68.1300,-0.4599%
22/02/2013,"14,859.26",113.2200,0.7678%
25/02/2013,"14,828.50",-30.7600,-0.2070%
26/02/2013,"14,767.44",-61.0600,-0.4118%
27/02/2013,"14,840.64",73.2000,0.4957%
28/02/2013,"14,838.13",-2.5100,-0.0169%
01/03/2013,"14,785.82",-52.3100,-0.3525%
04/03/2013,"14,728.52",-57.3000,-0.3875%
05/03/2013,"14,641.61",-86.9100,-0.5901%
06/03/2013,"14,537.76",-103.8500,-0.7093%
07/03/2013,"14,466.61",-71.1500,-0.4894%
08/03/2013,"14,486.60",19.9900,0.1382%
11/03/2013,"14,463.27",-23.3300,-0.1610%
12/03/2013,"14,483.05",19.7800,0.1368%
13/03/2013,"14,367.36",-115.6900,-0.7988%
14/03/2013,"14,289.63",-77.7300,-0.5410%
15/03/2013,"14,376.22",86.5900,0.6060%
18/03/2013,"14,148.21",-228.0100,-1.5860%
19/03/2013,"13,958.84",-189.3700,-1.3385%
20/03/2013,"13,946.60",-12.2400,-0.0877%
21/03/2013,"13,925.71",-20.8900,-0.1498%
22/03/2013,"13,983.96",58.2500,0.4183%
26/03/2013,"14,093.46",109.5000,0.7830%
27/03/2013,"14,135.35",41.8900,0.2972%
01/04/2013,"14,043.33",-92.0200,-0.6510%
02/04/2013,"14,023.64",-19.6900,-0.1402%
03/04/2013,"13,718.90",-304.7400,-2.1730%
04/04/2013,"13,805.18",86.2800,0.6289%
05/04/2013,"13,742.97",-62.2100,-0.4506%
08/04/2013,"13,651.26",-91.7100,-0.6673%
09/04/2013,"13,702.56",51.3000,0.3758%
10/04/2013,"13,731.01",28.4500,0.2076%
11/04/2013,"13,839.23",108.2200,0.7881%
12/04/2013,"13,661.23",-178.0000,-1.2862%
15/04/2013,"13,231.67",-429.5600,-3.1444%
16/04/2013,"13,387.20",155.5300,1.1754%
17/04/2013,"13,296.38",-90.8200,-0.6784%
18/04/2013,"13,282.47",-13.9100,-0.1046%
19/04/2013,"13,315.14",32.6700,0.2460%
22/04/2013,"13,386.05",70.9100,0.5326%
23/04/2013,"13,398.27",12.2200,0.0913%
24/04/2013,"13,455.32",57.0500,0.4258%
25/04/2013,"13,526.17",70.8500,0.5266%
26/04/2013,"13,428.86",-97.3100,-0.7194%
29/04/2013,"13,457.44",28.5800,0.2128%
30/04/2013,"13,390.27",-67.1700,-0.4991%
02/05/2013,"13,414.91",24.6400,0.1840%
03/05/2013,"13,490.74",75.8300,0.5653%
06/05/2013,"13,412.34",-78.4000,-0.5811%
07/05/2013,"13,377.22",-35.1200,-0.2618%
08/05/2013,"13,270.41",-106.8100,-0.7984%
09/05/2013,"13,323.40",52.9900,0.3993%
10/05/2013,"13,190.88",-132.5200,-0.9946%
14/05/2013,"13,215.60",24.7200,0.1874%
15/05/2013,"13,266.21",50.6100,0.3830%
16/05/2013,"13,325.75",59.5400,0.4488%
17/05/2013,"13,342.95",17.2000,0.1291%
20/05/2013,"13,278.13",-64.8200,-0.4858%
21/05/2013,"13,300.72",22.5900,0.1701%
22/05/2013,"13,329.64",28.9200,0.2174%
23/05/2013,"13,405.94",76.3000,0.5724%
24/05/2013,"13,466.00",60.0600,0.4480%
27/05/2013,"13,478.17",12.1700,0.0904%
28/05/2013,"13,561.61",83.4400,0.6191%
29/05/2013,"13,504.57",-57.0400,-0.4206%
30/05/2013,"13,544.27",39.7000,0.2940%
31/05/2013,"13,352.04",-192.2300,-1.4193%
04/06/2013,"13,445.29",93.2500,0.6984%
05/06/2013,"13,384.26",-61.0300,-0.4539%
06/06/2013,"13,370.15",-14.1100,-0.1054%
07/06/2013,"13,366.56",-3.5900,-0.0269%
11/06/2013,"13,252.89",-113.6700,-0.8504%
12/06/2013,"13,090.64",-162.2500,-1.2243%
13/06/2013,"13,073.23",-17.4100,-0.1330%
14/06/2013,"13,143.92",70.6900,0.5407%
17/06/2013,"13,171.81",27.8900,0.2122%
18/06/2013,"13,376.62",204.8100,1.5549%
19/06/2013,"13,289.34",-87.2800,-0.6525%
20/06/2013,"12,962.06",-327.2800,-2.4627%
21/06/2013,"12,780.59",-181.4700,-1.4000%
24/06/2013,"12,548.86",-231.7300,-1.8131%
25/06/2013,"12,418.28",-130.5800,-1.0406%
26/06/2013,"12,544.51",126.2300,1.0165%
27/06/2013,"12,543.98",-0.5300,-0.0042%
28/06/2013,"12,828.49",284.5100,2.2681%
02/07/2013,"12,742.77",-85.7200,-0.6682%
03/07/2013,"12,673.21",-69.5600,-0.5459%
04/07/2013,"12,727.99",54.7800,0.4323%
05/07/2013,"12,628.16",-99.8300,-0.7843%
08/07/2013,"12,603.91",-24.2500,-0.1920%
09/07/2013,"12,545.58",-58.3300,-0.4628%
10/07/2013,"12,354.83",-190.7500,-1.5205%
11/07/2013,"12,664.28",309.4500,2.5047%
12/07/2013,"12,844.58",180.3000,1.4237%
15/07/2013,"13,048.22",203.6400,1.5854%
16/07/2013,"13,119.05",70.8300,0.5428%
17/07/2013,"13,304.84",185.7900,1.4162%
18/07/2013,"13,410.12",105.2800,0.7913%
19/07/2013,"13,481.94",71.8200,0.5356%
22/07/2013,"13,333.48",-148.4600,-1.1012%
23/07/2013,"13,546.02",212.5400,1.5940%
24/07/2013,"13,559.40",13.3800,0.0988%
25/07/2013,"13,502.25",-57.1500,-0.4215%
26/07/2013,"13,430.23",-72.0200,-0.5334%
29/07/2013,"13,416.34",-13.8900,-0.1034%
30/07/2013,"13,436.99",20.6500,0.1539%
31/07/2013,"13,465.27",28.2800,0.2105%
01/08/2013,"13,681.03",215.7600,1.6023%
02/08/2013,"13,786.59",105.5600,0.7716%
05/08/2013,"13,773.80",-12.7900,-0.0928%
06/08/2013,"13,804.46",30.6600,0.2226%
08/08/2013,"13,778.74",-25.7200,-0.1863%
09/08/2013,"13,704.22",-74.5200,-0.5408%
12/08/2013,"13,734.29",30.0700,0.2194%
13/08/2013,"13,827.29",93.0000,0.6771%
14/08/2013,"13,909.55",82.2600,0.5949%
15/08/2013,"13,783.29",-126.2600,-0.9077%
16/08/2013,"13,770.31",-12.9800,-0.0942%
20/08/2013,"13,719.73",-50.5800,-0.3673%
21/08/2013,"13,707.08",-12.6500,-0.0922%
22/08/2013,"13,669.12",-37.9600,-0.2769%
23/08/2013,"13,626.53",-42.5900,-0.3116%
26/08/2013,"13,599.52",-27.0100,-0.1982%
27/08/2013,"13,569.63",-29.8900,-0.2198%
28/08/2013,"13,744.10",174.4700,1.2857%
29/08/2013,"13,656.07",-88.0300,-0.6405%
30/08/2013,"13,731.19",75.1200,0.5501%
02/09/2013,"13,742.26",11.0700,0.0806%
03/09/2013,"13,735.49",-6.7700,-0.0493%
04/09/2013,"13,805.55",70.0600,0.5101%
05/09/2013,"13,807.84",2.2900,0.0166%
06/09/2013,"13,764.88",-42.9600,-0.3111%
09/09/2013,"13,892.48",127.6000,0.9270%
10/09/2013,"14,030.83",138.3500,0.9959%
11/09/2013,"14,069.41",38.5800,0.2750%
12/09/2013,"14,032.29",-37.1200,-0.2638%
13/09/2013,"14,018.83",-13.4600,-0.0959%
16/09/2013,"13,989.89",-28.9400,-0.2064%
17/09/2013,"14,060.97",71.0800,0.5081%
18/09/2013,"14,086.26",25.2900,0.1799%
19/09/2013,"14,106.29",20.0300,0.1422%
20/09/2013,"14,121.09",14.8000,0.1049%
23/09/2013,"14,165.63",44.5400,0.3154%
24/09/2013,"14,170.10",4.4700,0.0316%
25/09/2013,"14,167.21",-2.8900,-0.0204%
26/09/2013,"14,096.67",-70.5400,-0.4979%
27/09/2013,"14,116.16",19.4900,0.1383%
30/09/2013,"14,061.02",-55.1400,-0.3906%
01/10/2013,"14,114.37",53.3500,0.3794%
02/10/2013,"14,091.48",-22.8900,-0.1622%
03/10/2013,"14,060.73",-30.7500,-0.2182%
04/10/2013,"14,046.16",-14.5700,-0.1036%
07/10/2013,"14,071.08",24.9200,0.1774%
08/10/2013,"14,134.54",63.4600,0.4510%
09/10/2013,"14,098.55",0.0000,0.0000%
10/10/2013,"14,157.41",58.8600,0.4175%
11/10/2013,"14,240.31",82.9000,0.5856%
15/10/2013,"14,256.58",16.2700,0.1143%
16/10/2013,"14,297.90",41.3200,0.2898%
17/10/2013,"14,326.59",28.6900,0.2007%
18/10/2013,"14,393.92",67.3300,0.4700%
21/10/2013,"14,383.93",-9.9900,-0.0694%
22/10/2013,"14,313.23",-70.7000,-0.4915%
23/10/2013,"14,274.76",-38.4700,-0.2688%
24/10/2013,"14,312.38",37.6200,0.2635%
25/10/2013,"14,316.20",3.8200,0.0267%
28/10/2013,"14,235.50",-80.7000,-0.5637%
29/10/2013,"14,229.49",-6.0100,-0.0422%
30/10/2013,"14,156.00",-73.4900,-0.5165%
31/10/2013,"14,053.02",-102.9800,-0.7275%
01/11/2013,"14,140.63",87.6100,0.6234%
05/11/2013,"13,977.38",-163.2500,-1.1545%
06/11/2013,"13,993.09",15.7100,0.1124%
07/11/2013,"13,723.34",-269.7500,-1.9277%
08/11/2013,"13,478.88",-244.4600,-1.7813%
12/11/2013,"13,107.46",-371.4200,-2.7556%
13/11/2013,"13,360.26",252.8000,1.9287%
14/11/2013,"13,430.43",70.1700,0.5252%
15/11/2013,"13,443.53",13.1000,0.0975%
18/11/2013,"13,435.65",-7.8800,-0.0586%
19/11/2013,"13,415.89",-19.7600,-0.1471%
20/11/2013,"13,393.05",-22.8400,-0.1702%
21/11/2013,"13,373.09",-19.9600,-0.1490%
22/11/2013,"13,350.83",-22.2600,-0.1665%
25/11/2013,"13,226.43",-124.4000,-0.9318%
26/11/2013,"13,181.13",-45.3000,-0.3425%
27/11/2013,"13,114.46",-66.6700,-0.5058%
28/11/2013,"13,146.71",32.2500,0.2459%
29/11/2013,"13,215.07",68.3600,0.5200%
 ,,,
